index,PI-positivi,PI-deceduti,PO-positivi,PO-deceduti,LI-positivi,LI-deceduti,FI-positivi,FI-deceduti,AR-positivi,AR-deceduti,PT-positivi,PT-deceduti,GR-positivi,GR-deceduti,MS-positivi,MS-deceduti,SI-positivi,SI-deceduti,LU-positivi,LU-deceduti,PI-new_positivi,PO-new_positivi,LI-new_positivi,FI-new_positivi,AR-new_positivi,PT-new_positivi,GR-new_positivi,MS-new_positivi,SI-new_positivi,LU-new_positivi
2020-02-14,0,0.0,0,0.0,0,0.0,0,0.0,0,0.0,0,0.0,0,0.0,0,0.0,0,0.0,0,0.0,0,0,0,0,0,0,0,0,0,0
2020-02-15,0,0.0,0,0.0,0,0.0,1,0.0,0,0.0,1,0.0,0,0.0,0,0.0,0,0.0,0,0.0,0,0,0,1,0,1,0,0,0,0
2020-02-16,0,0.0,0,0.0,0,0.0,2,0.0,0,0.0,0,0.0,0,0.0,0,0.0,0,0.0,0,0.0,0,0,0,1,0,0,0,0,0,0
2020-02-17,0,0.0,0,0.0,0,0.0,1,0.0,0,0.0,1,0.0,0,0.0,0,0.0,0,0.0,0,0.0,0,0,0,0,0,1,0,0,0,0
2020-02-18,0,0.0,0,0.0,0,0.0,7,0.0,0,0.0,1,0.0,0,0.0,0,0.0,0,0.0,0,0.0,0,0,0,6,0,0,0,0,0,0
2020-02-19,0,0.0,0,0.0,0,0.0,5,0.0,0,0.0,1,0.0,0,0.0,1,0.0,3,0.0,1,0.0,0,0,0,0,0,0,0,1,3,1
2020-02-20,0,0.0,0,0.0,0,0.0,5,0.0,0,0.0,1,0.0,0,0.0,3,0.0,3,0.0,1,0.0,0,0,0,0,0,0,0,2,0,0
2020-02-21,0,0.0,0,0.0,0,0.0,4,0.0,1,0.0,1,0.0,0,0.0,3,0.0,3,0.0,1,0.0,0,0,0,0,1,0,0,0,0,0
2020-02-22,0,0.0,0,0.0,0,0.0,7,0.0,2,0.0,1,0.0,0,0.0,3,0.0,3,0.0,3,0.0,0,0,0,3,1,0,0,0,0,2
2020-02-23,2,0.0,1,0.0,3,0.0,12,0.0,2,0.0,1,0.0,0,0.0,4,0.0,10,0.0,3,0.0,2,1,3,5,0,0,0,1,7,0
2020-02-24,5,0.0,1,0.0,3,0.0,20,0.0,5,0.0,1,0.0,2,0.0,6,0.0,12,0.0,6,0.0,3,0,0,8,3,0,2,2,2,3
2020-02-25,8,0.0,1,0.0,5,0.0,23,0.0,7,0.0,1,0.0,2,0.0,10,0.0,14,0.0,8,0.0,3,0,2,3,2,0,0,4,2,2
2020-02-26,11,0.0,3,0.0,6,0.0,27,0.0,8,0.0,6,0.0,2,0.0,16,0.0,19,0.0,15,0.0,3,2,1,4,1,5,0,6,5,7
2020-02-27,17,0.0,3,0.0,10,0.0,39,0.0,9,0.0,13,0.0,4,0.0,21,0.0,24,0.0,26,0.0,6,0,4,12,1,7,2,5,5,11
2020-02-28,20,1.0,5,0.0,10,0.0,51,0.0,12,0.0,16,0.0,6,0.0,28,0.0,29,0.0,31,0.0,3,2,0,12,3,3,2,7,5,5
2020-02-29,31,1.0,7,0.0,14,0.0,61,0.0,13,0.0,21,0.0,10,0.0,37,0.0,33,0.0,37,0.0,11,2,4,10,1,5,4,9,4,6
2020-03-01,34,1.0,21,0.0,16,0.0,71,0.0,14,0.0,32,0.0,12,0.0,40,0.0,37,0.0,43,0.0,3,14,2,10,1,11,2,3,4,6
2020-03-02,34,1.0,25,0.0,16,0.0,86,0.0,14,0.0,43,0.0,16,0.0,40,2.0,41,0.0,49,1.0,0,4,0,15,0,11,4,0,4,6
2020-03-03,51,1.0,26,0.0,27,0.0,101,0.0,16,0.0,48,0.0,16,0.0,65,2.0,41,0.0,79,1.0,17,1,11,15,2,5,0,25,0,30
2020-03-04,62,1.0,33,0.0,40,0.0,132,0.0,27,0.0,63,1.0,31,0.0,88,2.0,58,0.0,96,1.0,11,7,13,31,11,15,15,23,17,17
2020-03-05,71,2.0,42,0.0,50,1.0,162,0.0,41,0.0,79,1.0,38,0.0,108,2.0,60,0.0,130,1.0,9,9,10,30,14,16,7,20,2,34
2020-03-06,78,2.0,45,0.0,53,2.0,186,1.0,43,0.0,90,1.0,50,0.0,117,5.0,66,1.0,138,2.0,7,3,3,24,2,11,12,9,6,8
2020-03-07,101,2.0,53,1.0,59,3.0,214,1.0,71,0.0,100,2.0,60,0.0,143,5.0,73,1.0,179,4.0,23,8,6,28,28,10,10,26,7,41
2020-03-08,124,3.0,59,1.0,62,3.0,295,1.0,142,0.0,122,2.0,68,0.0,176,6.0,77,1.0,205,7.0,23,6,3,81,71,22,8,33,4,26
2020-03-09,146,3.0,70,1.0,62,4.0,349,4.0,113,0.0,145,3.0,89,0.0,200,10.0,78,1.0,230,13.0,22,11,0,54,0,23,21,24,1,25
2020-03-10,180,3.0,94,2.0,117,5.0,401,4.0,124,0.0,171,6.0,97,1.0,232,11.0,128,2.0,249,14.0,34,24,55,52,11,26,8,32,50,19
2020-03-11,211,8.0,111,4.0,120,5.0,451,6.0,136,0.0,181,9.0,106,2.0,256,20.0,133,3.0,307,16.0,31,17,3,50,12,10,9,24,5,58
2020-03-12,234,10.0,129,5.0,130,7.0,514,11.0,154,1.0,215,11.0,120,2.0,281,24.0,144,3.0,356,18.0,23,18,10,63,18,34,14,25,11,49
2020-03-13,266,13.0,137,7.0,140,9.0,548,12.0,201,1.0,229,13.0,128,2.0,289,31.0,160,4.0,363,19.0,32,8,10,34,47,14,8,8,16,7
2020-03-14,285,16.0,159,8.0,162,10.0,622,15.0,211,2.0,243,21.0,140,2.0,314,35.0,176,5.0,387,20.0,19,22,22,74,10,14,12,25,16,24
2020-03-15,317,18.0,178,9.0,179,10.0,709,20.0,229,2.0,254,23.0,147,2.0,330,37.0,193,6.0,436,21.0,32,19,17,87,18,11,7,16,17,49
2020-03-16,350,21.0,189,10.0,204,12.0,764,25.0,249,3.0,264,24.0,174,3.0,334,41.0,216,6.0,481,22.0,33,11,25,55,20,10,27,4,23,45
2020-03-17,350,23.0,189,11.0,204,12.0,764,25.0,249,5.0,264,28.0,174,3.0,334,44.0,216,6.0,481,29.0,0,0,0,0,0,0,0,0,0,0
2020-03-18,398,26.0,217,11.0,220,13.0,855,27.0,272,5.0,298,33.0,234,3.0,470,45.0,235,8.0,618,32.0,48,28,16,91,23,34,60,136,19,137
2020-03-19,432,27.0,221,11.0,236,18.0,957,29.0,284,5.0,309,35.0,245,3.0,493,48.0,273,9.0,672,35.0,34,4,16,102,12,11,11,23,38,54
2020-03-20,446,27.0,248,14.0,271,19.0,1022,35.0,310,5.0,324,37.0,251,4.0,543,49.0,286,9.0,711,36.0,14,27,35,65,26,15,6,50,13,39
2020-03-21,471,29.0,258,15.0,280,20.0,1087,39.0,332,6.0,332,37.0,257,4.0,561,50.0,301,10.0,729,38.0,25,10,9,65,22,8,6,18,15,18
2020-03-22,491,30.0,290,16.0,295,21.0,1158,44.0,343,7.0,333,38.0,263,5.0,611,50.0,312,10.0,771,38.0,20,32,15,71,11,1,6,50,11,42
2020-03-23,515,33.0,291,16.0,301,21.0,1419,47.0,357,7.0,346,39.0,264,6.0,644,51.0,334,10.0,802,44.0,24,1,6,261,14,13,1,33,22,31
2020-03-24,519,34.0,323,19.0,307,22.0,1543,52.0,358,8.0,361,43.0,264,7.0,644,54.0,337,12.0,843,47.0,4,32,6,124,1,15,0,0,3,41
2020-03-25,527,34.0,332,19.0,316,25.0,1626,57.0,370,10.0,374,46.0,273,7.0,659,57.0,339,12.0,855,50.0,8,9,9,83,12,13,9,15,2,12
2020-03-26,544,38.0,338,19.0,322,26.0,1715,59.0,378,10.0,394,49.0,277,8.0,667,59.0,340,12.0,872,55.0,17,6,6,89,8,20,4,8,1,17
2020-03-27,560,38.0,342,20.0,323,27.0,1769,76.0,387,10.0,400,49.0,284,9.0,698,62.0,350,13.0,888,61.0,16,4,1,54,9,6,7,31,10,16
2020-03-28,584,38.0,344,21.0,336,27.0,1805,83.0,396,12.0,404,51.0,290,10.0,734,64.0,360,14.0,920,64.0,24,2,13,36,9,4,6,36,10,32
2020-03-29,592,41.0,345,23.0,349,27.0,1871,93.0,398,12.0,450,53.0,290,12.0,769,65.0,361,14.0,954,67.0,8,1,13,66,2,46,0,35,1,34
2020-03-30,606,43.0,355,24.0,353,27.0,1961,101.0,399,13.0,457,54.0,292,12.0,790,67.0,360,14.0,979,68.0,14,10,4,90,1,7,2,21,0,25
2020-03-31,613,44.0,357,27.0,358,29.0,2069,111.0,403,14.0,468,58.0,310,12.0,798,69.0,363,14.0,988,72.0,7,2,5,108,4,11,18,8,3,9
2020-04-01,636,45.0,370,27.0,379,29.0,2154,115.0,417,14.0,490,61.0,323,12.0,814,73.0,369,15.0,1006,72.0,23,13,21,85,14,22,13,16,6,18
2020-04-02,677,49.0,393,29.0,398,31.0,2259,124.0,429,14.0,506,64.0,327,13.0,855,76.0,371,15.0,1020,75.0,41,23,19,105,12,16,4,41,2,14
2020-04-03,694,52.0,394,30.0,404,32.0,2269,129.0,453,16.0,509,64.0,368,13.0,867,82.0,372,16.0,1060,79.0,17,1,6,10,24,3,41,12,1,40
2020-04-04,727,52.0,404,30.0,410,32.0,2311,142.0,487,16.0,513,66.0,368,13.0,873,84.0,373,16.0,1061,82.0,33,10,6,42,34,4,0,6,1,1
2020-04-05,733,54.0,411,30.0,415,34.0,2372,147.0,522,19.0,516,67.0,368,13.0,881,85.0,375,18.0,1073,84.0,6,7,5,61,35,3,0,8,2,12
2020-04-06,750,57.0,440,32.0,465,36.0,2443,154.0,530,20.0,536,68.0,368,13.0,893,93.0,384,18.0,1134,88.0,17,29,50,71,8,20,0,12,9,61
2020-04-07,766,58.0,449,32.0,475,36.0,2494,157.0,541,23.0,547,68.0,376,13.0,912,96.0,392,23.0,1158,89.0,16,9,10,51,11,11,8,19,8,24
2020-04-08,774,60.0,457,33.0,480,36.0,2563,162.0,548,23.0,554,68.0,379,14.0,918,101.0,399,23.0,1165,91.0,8,8,5,69,7,7,3,6,7,7
2020-04-09,778,61.0,466,34.0,489,39.0,2609,171.0,558,23.0,557,68.0,380,14.0,933,102.0,405,23.0,1197,94.0,4,9,9,46,10,3,1,15,6,32
2020-04-10,804,63.0,472,35.0,491,39.0,2653,184.0,567,24.0,568,71.0,383,14.0,949,108.0,407,24.0,1213,97.0,26,6,2,44,9,11,3,16,2,16
2020-04-11,811,65.0,473,36.0,492,39.0,2704,192.0,580,27.0,575,71.0,386,14.0,956,110.0,411,25.0,1215,99.0,7,1,1,51,13,7,3,7,4,2
2020-04-12,818,66.0,479,38.0,494,41.0,2760,201.0,587,28.0,583,72.0,389,14.0,957,111.0,412,25.0,1221,101.0,7,6,2,56,7,8,3,1,1,6
2020-04-13,823,66.0,486,38.0,495,41.0,2795,216.0,597,28.0,592,72.0,394,14.0,959,111.0,414,25.0,1225,104.0,5,7,1,35,10,9,5,2,2,4
2020-04-14,824,69.0,493,39.0,499,41.0,2849,227.0,606,28.0,598,72.0,397,16.0,966,111.0,415,25.0,1230,106.0,1,7,4,54,9,6,3,7,1,5
2020-04-15,833,69.0,502,39.0,501,42.0,2924,238.0,610,30.0,607,72.0,400,16.0,977,111.0,417,26.0,1244,109.0,9,9,2,75,4,9,3,11,2,14
2020-04-16,836,70.0,513,39.0,508,43.0,3003,249.0,617,33.0,615,72.0,400,16.0,979,112.0,420,26.0,1256,110.0,3,11,7,79,7,8,0,2,3,12
2020-04-17,840,71.0,513,40.0,508,44.0,3011,257.0,619,34.0,618,73.0,402,16.0,983,114.0,420,26.0,1265,112.0,4,0,0,8,2,3,2,4,0,9
2020-04-18,844,71.0,515,40.0,511,44.0,3039,266.0,620,36.0,621,73.0,404,16.0,987,115.0,421,26.0,1269,116.0,4,2,3,28,1,3,2,4,1,4
2020-04-19,846,71.0,517,41.0,513,44.0,3079,276.0,621,37.0,624,74.0,405,16.0,993,117.0,421,26.0,1273,118.0,2,2,2,40,1,3,1,6,0,4
2020-04-20,847,72.0,520,42.0,513,44.0,3120,287.0,624,38.0,630,74.0,406,16.0,994,117.0,422,26.0,1276,119.0,1,3,0,41,3,6,1,1,1,3
2020-04-21,851,74.0,527,42.0,515,44.0,3156,292.0,639,39.0,633,74.0,407,16.0,1005,118.0,423,26.0,1289,121.0,4,7,2,36,15,3,1,11,1,13
2020-04-22,856,75.0,529,42.0,521,45.0,3193,297.0,648,39.0,640,74.0,407,16.0,1012,119.0,424,26.0,1295,122.0,5,2,6,37,9,7,0,7,1,6
2020-04-23,857,75.0,529,42.0,523,45.0,3210,303.0,648,39.0,644,74.0,409,16.0,1015,121.0,424,26.0,1304,123.0,1,0,2,17,0,4,2,3,0,9
2020-04-24,858,76.0,531,43.0,526,46.0,3224,306.0,651,39.0,647,76.0,413,16.0,1018,122.0,425,26.0,1308,123.0,1,2,3,14,3,3,4,3,1,4
2020-04-25,860,77.0,531,43.0,529,46.0,3242,309.0,652,40.0,647,76.0,415,16.0,1020,122.0,425,27.0,1310,125.0,2,0,3,18,1,0,2,2,0,2
2020-04-26,862,77.0,533,43.0,529,49.0,3257,314.0,654,40.0,647,76.0,416,16.0,1020,123.0,425,28.0,1314,125.0,2,2,0,15,2,0,1,0,0,4
2020-04-27,863,77.0,535,43.0,530,50.0,3275,319.0,655,41.0,647,76.0,416,16.0,1021,131.0,425,28.0,1316,126.0,1,2,1,18,1,0,0,1,0,2
2020-04-28,865,77.0,536,43.0,531,50.0,3296,330.0,660,42.0,648,76.0,417,16.0,1022,134.0,427,28.0,1319,126.0,2,1,1,21,5,1,1,1,2,3
2020-04-29,867,77.0,536,43.0,535,50.0,3305,334.0,660,44.0,652,76.0,417,16.0,1022,134.0,427,28.0,1324,127.0,2,0,4,9,0,4,0,0,0,5
2020-04-30,867,78.0,538,44.0,535,50.0,3316,336.0,662,44.0,652,76.0,421,16.0,1028,134.0,427,28.0,1328,128.0,0,2,0,11,2,0,4,6,0,4
2020-05-01,868,78.0,539,44.0,535,51.0,3322,342.0,665,44.0,652,76.0,421,16.0,1029,135.0,427,28.0,1329,128.0,1,1,0,6,3,0,0,1,0,1
2020-05-02,868,78.0,542,44.0,535,53.0,3333,345.0,665,44.0,652,76.0,421,18.0,1030,136.0,427,28.0,1329,129.0,0,3,0,11,0,0,0,1,0,0
2020-05-03,875,78.0,543,44.0,538,53.0,3340,347.0,667,44.0,654,76.0,421,19.0,1033,138.0,427,28.0,1331,129.0,7,1,3,7,2,2,0,3,0,2
2020-05-04,876,81.0,546,44.0,539,53.0,3353,350.0,668,44.0,655,77.0,421,19.0,1037,139.0,429,28.0,1335,130.0,1,3,1,13,1,1,0,4,2,4
2020-05-05,877,81.0,546,44.0,541,53.0,3371,351.0,669,45.0,656,77.0,421,19.0,1037,139.0,429,28.0,1336,131.0,1,0,2,18,1,1,0,0,0,1
2020-05-06,877,81.0,550,45.0,541,53.0,3385,351.0,669,45.0,661,77.0,421,19.0,1042,141.0,429,28.0,1338,131.0,0,4,0,14,0,5,0,5,0,2
2020-05-07,878,81.0,551,45.0,541,55.0,3403,352.0,671,45.0,661,78.0,422,19.0,1043,141.0,430,28.0,1348,132.0,1,1,0,18,2,0,1,1,1,10
2020-05-08,880,82.0,551,45.0,542,55.0,3406,355.0,674,45.0,661,78.0,422,19.0,1043,141.0,430,28.0,1352,133.0,2,0,1,3,3,0,0,0,0,4
2020-05-09,881,83.0,551,45.0,542,55.0,3411,357.0,674,45.0,661,78.0,423,19.0,1043,141.0,430,28.0,1352,133.0,1,0,0,5,0,0,1,0,0,0
2020-05-10,883,83.0,555,45.0,543,57.0,3413,360.0,675,45.0,663,78.0,423,19.0,1044,141.0,431,28.0,1352,134.0,2,4,1,2,1,2,0,1,1,0
2020-05-11,885,84.0,557,45.0,546,57.0,3420,362.0,675,45.0,666,79.0,423,20.0,1044,141.0,432,29.0,1352,134.0,2,2,3,7,0,3,0,0,1,0
2020-05-12,885,85.0,559,45.0,550,57.0,3436,366.0,676,45.0,669,79.0,423,20.0,1044,141.0,437,29.0,1356,134.0,0,2,4,16,1,3,0,0,5,4
2020-05-13,885,85.0,559,45.0,551,58.0,3445,367.0,676,45.0,669,79.0,423,20.0,1044,141.0,438,29.0,1357,134.0,0,0,1,9,0,0,0,0,1,1
2020-05-14,886,85.0,562,45.0,551,58.0,3451,369.0,676,45.0,671,79.0,423,20.0,1044,141.0,438,29.0,1360,134.0,1,3,0,6,0,2,0,0,0,3
2020-05-15,888,85.0,562,46.0,552,58.0,3451,370.0,676,45.0,673,79.0,423,20.0,1044,141.0,438,29.0,1360,134.0,2,0,1,0,0,2,0,0,0,0
2020-05-16,888,85.0,562,46.0,553,58.0,3452,373.0,676,45.0,673,79.0,424,21.0,1044,142.0,438,29.0,1360,135.0,0,0,1,1,0,0,1,0,0,0
2020-05-17,890,85.0,564,46.0,554,58.0,3456,377.0,676,45.0,673,79.0,425,21.0,1045,143.0,438,30.0,1361,135.0,2,2,1,4,0,0,1,1,0,1
2020-05-18,891,85.0,564,46.0,554,58.0,3457,379.0,676,45.0,674,79.0,425,21.0,1046,143.0,438,30.0,1361,135.0,1,0,0,1,0,1,0,1,0,0
2020-05-19,891,85.0,564,46.0,555,58.0,3458,380.0,676,45.0,674,79.0,425,21.0,1046,144.0,438,30.0,1361,135.0,0,0,1,1,0,0,0,0,0,0
2020-05-20,892,85.0,564,47.0,556,58.0,3464,382.0,676,46.0,675,80.0,425,21.0,1049,145.0,438,30.0,1361,135.0,1,0,1,6,0,1,0,3,0,0
2020-05-21,893,85.0,564,47.0,556,58.0,3467,383.0,676,46.0,675,80.0,425,21.0,1049,148.0,438,30.0,1361,135.0,1,0,0,3,0,0,0,0,0,0
2020-05-22,893,85.0,564,47.0,556,58.0,3468,386.0,677,46.0,675,80.0,425,23.0,1049,150.0,438,30.0,1362,135.0,0,0,0,1,1,0,0,0,0,1
2020-05-23,896,86.0,565,48.0,556,58.0,3471,387.0,677,46.0,676,80.0,426,23.0,1049,152.0,438,30.0,1363,135.0,3,1,0,3,0,1,1,0,0,1
2020-05-24,896,86.0,565,48.0,557,59.0,3473,387.0,677,46.0,676,80.0,426,23.0,1049,153.0,438,30.0,1364,135.0,0,0,1,2,0,0,0,0,0,1
2020-05-25,896,86.0,565,48.0,557,59.0,3473,388.0,677,46.0,677,80.0,426,23.0,1049,156.0,438,30.0,1364,135.0,0,0,0,0,0,1,0,0,0,0
2020-05-26,896,87.0,566,48.0,557,59.0,3478,389.0,677,46.0,677,80.0,426,23.0,1050,158.0,438,30.0,1364,135.0,0,1,0,5,0,0,0,1,0,0
2020-05-27,896,87.0,567,48.0,557,61.0,3482,389.0,677,46.0,677,80.0,426,23.0,1050,160.0,438,30.0,1364,136.0,0,1,0,4,0,0,0,0,0,0
2020-05-28,896,87.0,567,48.0,557,61.0,3483,390.0,677,46.0,677,80.0,426,23.0,1050,161.0,438,30.0,1364,136.0,0,0,0,1,0,0,0,0,0,0
2020-05-29,896,89.0,568,48.0,557,61.0,3485,392.0,678,46.0,678,80.0,427,23.0,1050,161.0,441,30.0,1364,136.0,0,1,0,2,1,1,1,0,3,0
2020-05-30,896,89.0,568,48.0,557,61.0,3486,394.0,678,46.0,678,80.0,427,23.0,1050,161.0,441,31.0,1364,136.0,0,0,0,1,0,0,0,0,0,0
2020-05-31,896,89.0,569,48.0,557,61.0,3487,394.0,678,46.0,678,80.0,427,23.0,1050,162.0,441,31.0,1365,136.0,0,1,0,1,0,0,0,0,0,1
2020-06-01,897,89.0,569,49.0,557,61.0,3492,394.0,678,46.0,678,80.0,429,23.0,1051,162.0,441,31.0,1366,136.0,1,0,0,5,0,0,2,1,0,1
2020-06-02,897,89.0,569,49.0,557,61.0,3497,395.0,679,46.0,679,80.0,429,23.0,1051,162.0,441,31.0,1366,136.0,0,0,0,5,1,1,0,0,0,0
2020-06-03,897,89.0,569,49.0,557,61.0,3504,395.0,679,46.0,679,80.0,429,23.0,1051,162.0,441,31.0,1366,138.0,0,0,0,7,0,0,0,0,0,0
2020-06-04,897,89.0,569,49.0,558,61.0,3510,396.0,679,46.0,679,80.0,430,23.0,1051,162.0,441,31.0,1366,140.0,0,0,1,6,0,0,1,0,0,0
2020-06-05,897,89.0,569,51.0,558,61.0,3513,397.0,683,46.0,680,80.0,430,23.0,1051,162.0,441,31.0,1366,140.0,0,0,0,3,4,1,0,0,0,0
2020-06-06,897,89.0,569,51.0,558,61.0,3513,400.0,686,46.0,680,80.0,430,23.0,1051,162.0,441,31.0,1366,140.0,0,0,0,0,3,0,0,0,0,0
2020-06-07,897,89.0,569,51.0,558,61.0,3513,400.0,686,46.0,680,80.0,430,24.0,1052,162.0,441,31.0,1367,140.0,0,0,0,0,0,0,0,1,0,1
2020-06-08,897,89.0,569,51.0,559,61.0,3514,401.0,686,46.0,680,80.0,430,24.0,1052,162.0,441,31.0,1367,140.0,0,0,1,1,0,0,0,0,0,0
2020-06-09,899,89.0,571,51.0,559,61.0,3516,403.0,688,46.0,680,80.0,430,24.0,1052,162.0,441,31.0,1369,140.0,2,2,0,2,2,0,0,0,0,2
2020-06-10,900,89.0,572,51.0,559,61.0,3516,403.0,688,46.0,680,80.0,430,24.0,1052,162.0,441,31.0,1369,140.0,1,1,0,0,0,0,0,0,0,0
2020-06-11,900,89.0,572,51.0,559,61.0,3517,403.0,690,46.0,680,80.0,430,24.0,1052,162.0,441,31.0,1369,140.0,0,0,0,1,2,0,0,0,0,0
2020-06-12,900,89.0,572,51.0,559,61.0,3517,405.0,691,46.0,680,81.0,430,24.0,1052,162.0,441,31.0,1369,141.0,0,0,0,0,1,0,0,0,0,0
2020-06-13,900,89.0,575,51.0,559,61.0,3518,405.0,691,46.0,681,81.0,430,24.0,1052,162.0,441,32.0,1370,141.0,0,3,0,1,0,1,0,0,0,1
2020-06-14,925,89.0,530,51.0,476,61.0,3185,405.0,670,46.0,743,81.0,394,24.0,1050,162.0,427,33.0,1351,141.0,25,0,0,0,0,62,0,0,0,0
2020-06-15,925,89.0,531,51.0,476,61.0,3185,405.0,670,46.0,743,81.0,395,24.0,1050,162.0,427,33.0,1351,141.0,0,1,0,0,0,0,1,0,0,0
2020-06-16,925,89.0,532,51.0,476,61.0,3185,405.0,671,46.0,743,81.0,395,24.0,1050,164.0,427,33.0,1351,141.0,0,1,0,0,1,0,0,0,0,0
2020-06-17,928,89.0,532,51.0,476,61.0,3187,405.0,673,46.0,747,81.0,396,24.0,1050,164.0,427,33.0,1351,141.0,3,0,0,2,2,4,1,0,0,0
2020-06-18,928,89.0,532,51.0,477,61.0,3187,405.0,676,46.0,747,81.0,396,24.0,1051,164.0,427,33.0,1351,141.0,0,0,1,0,3,0,0,1,0,0
2020-06-19,930,89.0,532,51.0,477,61.0,3190,405.0,676,47.0,747,81.0,396,24.0,1051,164.0,427,33.0,1351,141.0,2,0,0,3,0,0,0,0,0,0
2020-06-20,930,89.0,532,51.0,477,61.0,3192,405.0,676,47.0,747,81.0,396,24.0,1051,164.0,427,33.0,1351,141.0,0,0,0,2,0,0,0,0,0,0
2020-06-21,930,89.0,534,51.0,477,61.0,3192,405.0,676,47.0,747,81.0,396,24.0,1051,166.0,429,33.0,1351,141.0,0,2,0,0,0,0,0,0,2,0
2020-06-22,932,89.0,534,51.0,477,61.0,3192,407.0,677,47.0,748,81.0,396,24.0,1051,167.0,429,33.0,1351,141.0,2,0,0,0,1,1,0,0,0,0
2020-06-23,932,89.0,534,52.0,478,61.0,3199,407.0,677,47.0,748,81.0,397,24.0,1051,169.0,429,33.0,1351,141.0,0,0,1,7,0,0,1,0,0,0
2020-06-24,932,89.0,534,52.0,479,61.0,3200,407.0,680,48.0,748,81.0,400,24.0,1052,170.0,429,33.0,1351,141.0,0,0,1,1,3,0,3,1,0,0
2020-06-25,932,89.0,536,52.0,479,61.0,3206,407.0,680,48.0,748,81.0,401,24.0,1052,170.0,429,33.0,1351,141.0,0,2,0,6,0,0,1,0,0,0
2020-06-26,932,89.0,538,52.0,479,61.0,3206,407.0,680,48.0,748,81.0,401,24.0,1052,170.0,429,33.0,1351,141.0,0,2,0,0,0,0,0,0,0,0
2020-06-27,932,89.0,538,52.0,479,61.0,3213,408.0,681,48.0,748,81.0,401,24.0,1052,171.0,429,33.0,1362,141.0,0,0,0,7,1,0,0,0,0,11
2020-06-28,932,89.0,538,52.0,479,61.0,3218,410.0,681,48.0,749,81.0,402,24.0,1052,171.0,429,33.0,1362,141.0,0,0,0,5,0,1,1,0,0,0
2020-06-29,932,89.0,539,52.0,479,61.0,3218,410.0,681,49.0,749,81.0,402,24.0,1052,171.0,429,33.0,1362,142.0,0,1,0,0,0,0,0,0,0,0
2020-06-30,932,89.0,541,52.0,479,61.0,3218,411.0,681,49.0,749,81.0,402,24.0,1052,171.0,429,33.0,1362,142.0,0,2,0,0,0,0,0,0,0,0
2020-07-01,932,90.0,542,52.0,479,61.0,3221,411.0,682,49.0,749,81.0,402,24.0,1052,171.0,429,33.0,1362,142.0,0,1,0,3,1,0,0,0,0,0
2020-07-02,932,90.0,542,52.0,479,61.0,3222,411.0,682,49.0,749,81.0,402,24.0,1052,171.0,429,33.0,1362,142.0,0,0,0,1,0,0,0,0,0,0
2020-07-03,932,90.0,544,52.0,479,61.0,3222,411.0,682,49.0,749,81.0,402,24.0,1052,171.0,429,33.0,1364,142.0,0,2,0,0,0,0,0,0,0,2
2020-07-04,933,90.0,544,52.0,479,61.0,3222,413.0,682,49.0,749,81.0,404,24.0,1052,172.0,429,33.0,1365,142.0,1,0,0,0,0,0,2,0,0,1
2020-07-05,936,90.0,546,52.0,479,61.0,3223,414.0,682,49.0,749,81.0,404,24.0,1054,172.0,429,33.0,1365,143.0,3,2,0,1,0,0,0,2,0,0
2020-07-06,942,90.0,547,52.0,479,61.0,3225,414.0,683,49.0,749,81.0,404,24.0,1055,172.0,429,33.0,1366,143.0,6,1,0,2,1,0,0,1,0,1
2020-07-07,942,90.0,548,52.0,481,61.0,3226,414.0,684,50.0,749,81.0,404,24.0,1055,173.0,429,33.0,1367,143.0,0,1,2,1,1,0,0,0,0,1
2020-07-08,942,90.0,549,52.0,481,61.0,3226,414.0,684,50.0,749,81.0,405,24.0,1055,173.0,429,33.0,1367,143.0,0,1,0,0,0,0,1,0,0,0
2020-07-09,942,90.0,549,52.0,481,61.0,3236,414.0,689,50.0,749,81.0,405,24.0,1056,173.0,429,33.0,1367,143.0,0,0,0,10,5,0,0,1,0,0
2020-07-10,942,90.0,549,52.0,482,61.0,3236,415.0,689,50.0,749,81.0,405,24.0,1056,173.0,429,33.0,1367,143.0,0,0,1,0,0,0,0,0,0,0
2020-07-11,943,90.0,549,52.0,482,61.0,3239,416.0,690,50.0,749,81.0,405,24.0,1056,173.0,429,33.0,1371,143.0,1,0,0,3,1,0,0,0,0,4
2020-07-12,944,90.0,551,52.0,482,61.0,3242,416.0,690,50.0,749,81.0,405,24.0,1056,173.0,429,33.0,1371,143.0,1,2,0,3,0,0,0,0,0,0
2020-07-13,944,90.0,551,52.0,483,61.0,3242,416.0,690,50.0,750,81.0,407,24.0,1056,173.0,429,33.0,1371,143.0,0,0,1,0,0,1,2,0,0,0
2020-07-14,944,90.0,552,52.0,483,61.0,3246,416.0,690,50.0,752,81.0,408,24.0,1056,173.0,429,33.0,1374,143.0,0,1,0,4,0,2,1,0,0,3
2020-07-15,944,90.0,552,52.0,484,61.0,3250,416.0,691,50.0,754,81.0,408,24.0,1056,173.0,429,33.0,1376,143.0,0,0,1,4,1,2,0,0,0,2
2020-07-16,946,90.0,554,52.0,484,61.0,3259,416.0,691,50.0,755,81.0,408,24.0,1056,173.0,429,33.0,1377,143.0,2,2,0,9,0,1,0,0,0,1
2020-07-17,946,90.0,555,52.0,484,61.0,3261,416.0,693,50.0,755,81.0,408,24.0,1056,173.0,429,33.0,1380,143.0,0,1,0,2,2,0,0,0,0,3
2020-07-18,946,90.0,556,52.0,484,63.0,3263,417.0,693,50.0,755,81.0,408,24.0,1056,173.0,429,33.0,1380,143.0,0,1,0,2,0,0,0,0,0,0
2020-07-19,948,90.0,556,52.0,484,63.0,3275,417.0,693,50.0,756,81.0,408,24.0,1056,173.0,430,33.0,1381,143.0,2,0,0,12,0,1,0,0,1,1
2020-07-20,948,90.0,558,52.0,484,63.0,3281,417.0,693,50.0,756,81.0,408,24.0,1056,173.0,430,33.0,1384,143.0,0,2,0,6,0,0,0,0,0,3
2020-07-21,949,90.0,559,52.0,484,63.0,3291,417.0,693,50.0,756,81.0,408,24.0,1057,173.0,431,33.0,1384,143.0,1,1,0,10,0,0,0,1,1,0
2020-07-22,951,90.0,559,52.0,484,63.0,3294,417.0,693,50.0,756,81.0,408,24.0,1057,174.0,431,33.0,1385,143.0,2,0,0,3,0,0,0,0,0,1
2020-07-23,954,90.0,559,52.0,485,63.0,3296,417.0,693,50.0,756,81.0,408,24.0,1057,174.0,431,33.0,1388,143.0,3,0,1,2,0,0,0,0,0,3
2020-07-24,957,90.0,559,52.0,485,63.0,3298,417.0,695,50.0,756,81.0,408,24.0,1057,174.0,431,33.0,1391,144.0,3,0,0,2,2,0,0,0,0,3
2020-07-25,957,90.0,563,52.0,487,63.0,3300,417.0,695,50.0,756,81.0,410,25.0,1057,174.0,431,33.0,1392,144.0,0,4,2,2,0,0,2,0,0,1
2020-07-26,959,90.0,563,52.0,487,63.0,3301,417.0,695,50.0,756,81.0,412,25.0,1057,174.0,431,33.0,1398,144.0,2,0,0,1,0,0,2,0,0,6
2020-07-27,959,90.0,565,52.0,488,63.0,3304,417.0,695,50.0,756,81.0,415,25.0,1057,174.0,435,33.0,1402,144.0,0,2,1,3,0,0,3,0,4,4
2020-07-28,960,90.0,565,52.0,489,63.0,3306,417.0,697,50.0,756,81.0,418,25.0,1057,174.0,436,33.0,1405,144.0,1,0,1,2,2,0,3,0,1,3
2020-07-29,961,90.0,566,52.0,490,63.0,3312,417.0,703,50.0,757,81.0,418,25.0,1058,174.0,440,33.0,1407,144.0,1,1,1,6,6,1,0,1,4,2
2020-07-30,969,90.0,572,52.0,494,63.0,3316,417.0,713,50.0,759,81.0,420,25.0,1075,174.0,441,33.0,1414,144.0,8,6,4,4,10,2,2,17,1,7
2020-07-31,969,90.0,572,52.0,494,63.0,3319,417.0,714,50.0,759,81.0,420,25.0,1076,174.0,441,33.0,1417,144.0,0,0,0,3,1,0,0,1,0,3
2020-08-01,970,90.0,572,52.0,494,63.0,3334,417.0,716,50.0,761,81.0,420,25.0,1076,174.0,441,33.0,1419,144.0,1,0,0,15,2,2,0,0,0,2
2020-08-02,971,90.0,572,52.0,494,63.0,3343,417.0,729,50.0,762,81.0,421,25.0,1076,174.0,445,33.0,1423,144.0,1,0,0,9,13,1,1,0,4,4
2020-08-03,972,90.0,572,52.0,495,63.0,3353,417.0,733,50.0,764,81.0,422,25.0,1078,174.0,446,33.0,1429,144.0,1,0,1,10,4,2,1,2,1,6
2020-08-04,972,90.0,576,52.0,496,63.0,3360,417.0,734,50.0,771,81.0,422,25.0,1078,174.0,451,33.0,1430,144.0,0,4,1,7,1,7,0,0,5,1
2020-08-05,974,90.0,579,52.0,498,63.0,3378,417.0,734,50.0,772,81.0,424,25.0,1078,174.0,451,33.0,1440,145.0,2,3,2,18,0,1,2,0,0,10
2020-08-06,979,90.0,581,52.0,506,63.0,3381,417.0,735,50.0,775,81.0,424,25.0,1085,174.0,452,33.0,1444,145.0,5,2,8,3,1,3,0,7,1,4
2020-08-07,980,91.0,581,52.0,508,63.0,3383,417.0,735,50.0,775,81.0,427,25.0,1089,174.0,454,33.0,1451,145.0,1,0,2,2,0,0,3,4,2,7
2020-08-08,980,91.0,584,52.0,508,63.0,3392,417.0,739,50.0,775,81.0,427,25.0,1097,174.0,457,33.0,1455,145.0,0,3,0,9,4,0,0,8,3,4
2020-08-09,985,91.0,585,52.0,511,63.0,3404,417.0,739,50.0,777,81.0,429,25.0,1105,174.0,457,33.0,1457,145.0,5,1,3,12,0,2,2,8,0,2
2020-08-10,985,91.0,585,52.0,514,63.0,3422,417.0,744,50.0,783,81.0,429,25.0,1108,174.0,459,33.0,1472,145.0,0,0,3,18,5,6,0,3,2,15
2020-08-11,993,91.0,593,52.0,519,63.0,3437,417.0,748,50.0,787,81.0,432,25.0,1109,174.0,464,33.0,1479,145.0,8,8,5,15,4,4,3,1,5,7
2020-08-12,1004,91.0,594,52.0,522,63.0,3446,417.0,752,50.0,788,81.0,435,25.0,1115,174.0,469,33.0,1485,145.0,11,1,3,9,4,1,3,6,5,6
2020-08-13,1007,91.0,597,52.0,526,63.0,3460,417.0,758,50.0,794,81.0,441,25.0,1124,174.0,471,33.0,1490,145.0,3,3,4,14,6,6,6,9,2,5
2020-08-14,1012,91.0,600,52.0,532,63.0,3469,417.0,762,50.0,794,81.0,442,25.0,1132,174.0,473,33.0,1496,145.0,5,3,6,9,4,0,1,8,2,6
2020-08-15,1013,91.0,600,52.0,532,63.0,3476,417.0,764,50.0,797,81.0,444,25.0,1141,174.0,480,33.0,1497,145.0,1,0,0,7,2,3,2,9,7,1
2020-08-16,1020,91.0,604,52.0,535,63.0,3574,417.0,774,50.0,802,81.0,450,25.0,1161,174.0,486,33.0,1498,146.0,7,4,3,98,10,5,6,20,6,1
2020-08-17,1031,91.0,608,52.0,545,63.0,3596,417.0,779,50.0,806,81.0,461,25.0,1178,174.0,494,33.0,1504,146.0,11,4,10,22,5,4,11,17,8,6
2020-08-18,1036,91.0,613,52.0,548,63.0,3617,417.0,794,50.0,807,81.0,465,25.0,1188,175.0,505,33.0,1509,146.0,5,5,3,21,15,1,4,10,11,5
2020-08-19,1046,91.0,616,52.0,549,63.0,3635,417.0,813,50.0,818,81.0,466,25.0,1210,175.0,508,33.0,1513,146.0,10,3,1,18,19,11,1,22,3,4
2020-08-20,1061,91.0,622,52.0,552,63.0,3661,417.0,820,50.0,824,81.0,477,25.0,1221,175.0,509,33.0,1525,146.0,15,6,3,26,7,6,11,11,1,12
2020-08-21,1066,91.0,623,52.0,557,63.0,3673,417.0,842,50.0,825,81.0,485,25.0,1228,175.0,509,33.0,1536,146.0,5,1,5,12,22,1,8,7,0,11
2020-08-22,1069,91.0,625,52.0,557,63.0,3691,417.0,846,50.0,829,81.0,486,25.0,1235,175.0,510,33.0,1536,147.0,3,2,0,18,4,4,1,7,1,0
2020-08-23,1072,91.0,635,52.0,559,63.0,3708,417.0,854,50.0,835,81.0,489,25.0,1245,175.0,515,33.0,1538,147.0,3,10,2,17,8,6,3,10,5,2
2020-08-24,1083,91.0,641,52.0,570,63.0,3720,418.0,866,50.0,849,81.0,499,25.0,1264,175.0,517,33.0,1551,147.0,11,6,11,12,12,14,10,19,2,13
2020-08-25,1095,91.0,652,52.0,579,63.0,3742,418.0,874,50.0,851,81.0,509,25.0,1274,175.0,519,33.0,1559,147.0,12,11,9,22,8,2,10,10,2,8
2020-08-26,1118,91.0,654,52.0,583,63.0,3766,418.0,881,50.0,856,81.0,513,25.0,1298,175.0,523,33.0,1572,147.0,23,2,4,24,7,5,4,24,4,13
2020-08-27,1129,91.0,668,52.0,591,63.0,3800,418.0,892,50.0,862,81.0,516,25.0,1321,175.0,524,33.0,1583,147.0,11,14,8,34,11,6,3,23,1,11
2020-08-28,1151,91.0,671,52.0,593,64.0,3813,418.0,900,50.0,865,81.0,516,25.0,1339,175.0,530,33.0,1589,147.0,22,3,2,13,8,3,0,18,6,6
2020-08-29,1159,91.0,677,52.0,595,64.0,3833,418.0,908,50.0,870,81.0,517,25.0,1341,175.0,531,33.0,1595,148.0,8,6,2,20,8,5,1,2,1,6
2020-08-30,1171,91.0,693,52.0,601,65.0,3847,418.0,927,50.0,871,81.0,518,25.0,1354,176.0,535,33.0,1596,148.0,12,16,6,14,19,1,1,13,4,1
2020-08-31,1188,91.0,695,52.0,607,65.0,3863,418.0,945,50.0,880,81.0,521,25.0,1362,176.0,542,33.0,1602,148.0,17,2,6,16,18,9,3,8,7,6
2020-09-01,1209,92.0,706,52.0,617,65.0,3882,418.0,967,50.0,896,81.0,529,25.0,1382,176.0,542,33.0,1621,148.0,21,11,10,19,22,16,8,20,0,19
2020-09-02,1227,92.0,720,52.0,627,65.0,3903,418.0,986,50.0,914,81.0,530,25.0,1397,176.0,548,33.0,1636,148.0,18,14,10,21,19,18,1,15,6,15
2020-09-03,1233,93.0,731,52.0,638,65.0,3927,418.0,996,50.0,918,81.0,533,25.0,1409,176.0,550,33.0,1642,148.0,6,11,11,24,10,4,3,12,2,6
2020-09-04,1236,93.0,731,53.0,641,65.0,3929,418.0,1022,50.0,925,81.0,538,25.0,1420,176.0,550,33.0,1642,148.0,3,0,3,2,26,7,5,11,0,0
2020-09-05,1243,93.0,734,53.0,644,65.0,3946,418.0,1025,50.0,926,81.0,540,25.0,1421,177.0,551,33.0,1644,148.0,7,3,3,17,3,1,2,1,1,2
2020-09-06,1264,93.0,753,53.0,649,65.0,3956,418.0,1034,50.0,933,81.0,546,25.0,1428,177.0,556,33.0,1645,148.0,21,19,5,10,9,7,6,7,5,1
2020-09-07,1282,93.0,763,53.0,664,65.0,3971,418.0,1047,51.0,938,81.0,548,25.0,1442,177.0,560,33.0,1668,148.0,18,10,15,15,13,5,2,14,4,23
2020-09-08,1289,93.0,783,53.0,672,65.0,3989,418.0,1057,51.0,944,81.0,552,25.0,1450,177.0,565,33.0,1678,148.0,7,20,8,18,10,6,4,8,5,10
2020-09-09,1327,93.0,790,53.0,680,65.0,4017,418.0,1064,51.0,957,81.0,558,25.0,1463,177.0,569,33.0,1697,148.0,38,7,8,28,7,13,6,13,4,19
2020-09-10,1362,93.0,803,53.0,683,65.0,4043,418.0,1074,51.0,968,81.0,566,25.0,1475,177.0,572,33.0,1721,148.0,35,13,3,26,10,11,8,12,3,24
2020-09-11,1387,93.0,805,53.0,685,65.0,4046,418.0,1080,51.0,973,81.0,577,25.0,1484,177.0,581,33.0,1732,148.0,25,2,2,3,6,5,11,9,9,11
2020-09-12,1394,93.0,811,53.0,686,65.0,4078,418.0,1085,51.0,975,81.0,577,25.0,1491,177.0,582,33.0,1745,148.0,7,6,1,32,5,2,0,7,1,13
2020-09-13,1418,93.0,827,54.0,688,65.0,4097,418.0,1095,51.0,977,81.0,581,25.0,1492,177.0,587,33.0,1752,148.0,24,16,2,19,10,2,4,1,5,7
2020-09-14,1450,93.0,833,54.0,692,65.0,4138,418.0,1106,51.0,996,81.0,587,25.0,1500,177.0,595,33.0,1773,148.0,32,6,4,41,11,19,6,8,8,21
2020-09-15,1478,94.0,846,54.0,704,65.0,4168,419.0,1126,51.0,1004,81.0,590,25.0,1507,177.0,602,33.0,1784,149.0,28,13,12,30,20,8,3,7,7,11
2020-09-16,1492,94.0,855,54.0,709,65.0,4210,419.0,1136,51.0,1009,81.0,595,25.0,1519,178.0,606,33.0,1788,149.0,14,9,5,42,10,5,5,12,4,4
2020-09-17,1512,94.0,857,54.0,723,65.0,4233,419.0,1147,51.0,1015,81.0,596,25.0,1526,178.0,617,33.0,1794,149.0,20,2,14,23,11,6,1,7,11,6
2020-09-18,1526,95.0,872,54.0,731,65.0,4237,419.0,1157,52.0,1021,82.0,596,25.0,1531,178.0,622,33.0,1811,149.0,14,15,8,4,10,6,0,5,5,17
2020-09-19,1534,97.0,875,54.0,731,65.0,4261,420.0,1157,52.0,1025,83.0,603,25.0,1532,178.0,630,33.0,1812,149.0,8,3,0,24,0,4,7,1,8,1
2020-09-20,1566,97.0,884,54.0,739,65.0,4297,420.0,1170,52.0,1030,83.0,605,25.0,1535,178.0,633,33.0,1821,149.0,32,9,8,36,13,5,2,3,3,9
2020-09-21,1595,97.0,895,54.0,753,65.0,4341,420.0,1181,53.0,1037,83.0,611,25.0,1537,178.0,642,33.0,1832,149.0,29,11,14,44,11,7,6,2,9,11
2020-09-22,1656,97.0,914,54.0,771,65.0,4389,420.0,1186,53.0,1047,83.0,614,25.0,1539,178.0,648,33.0,1874,149.0,61,19,18,48,5,10,3,2,6,42
2020-09-23,1691,97.0,949,54.0,789,65.0,4424,420.0,1196,53.0,1076,83.0,615,25.0,1542,179.0,669,33.0,1893,149.0,35,35,18,35,10,29,1,3,21,19
2020-09-24,1724,97.0,993,54.0,794,65.0,4461,420.0,1219,53.0,1089,83.0,619,25.0,1545,179.0,675,33.0,1911,149.0,33,44,5,37,23,13,4,3,6,18
2020-09-25,1776,97.0,999,54.0,795,65.0,4504,421.0,1234,53.0,1101,84.0,620,25.0,1554,179.0,694,33.0,1937,149.0,52,6,1,43,15,12,1,9,19,26
2020-09-26,1822,97.0,1007,54.0,806,65.0,4541,421.0,1278,53.0,1109,84.0,629,25.0,1561,179.0,713,33.0,1957,149.0,46,8,11,37,44,8,9,7,19,20
2020-09-27,1862,97.0,1036,54.0,830,65.0,4613,422.0,1335,53.0,1123,84.0,639,25.0,1565,180.0,732,33.0,1988,149.0,40,29,24,72,57,14,10,4,19,31
2020-09-28,1933,97.0,1061,54.0,846,65.0,4734,422.0,1361,53.0,1139,84.0,649,25.0,1578,180.0,746,33.0,2015,149.0,71,25,16,121,26,16,10,13,14,27
2020-09-29,2033,97.0,1094,54.0,870,65.0,4848,423.0,1423,53.0,1170,84.0,657,25.0,1612,181.0,760,33.0,2078,149.0,100,33,24,114,62,31,8,34,14,63
2020-09-30,2136,97.0,1177,54.0,892,65.0,4998,423.0,1462,53.0,1203,84.0,668,25.0,1625,181.0,791,33.0,2141,149.0,103,83,22,150,39,33,11,13,31,63
2020-10-01,2218,97.0,1224,54.0,915,65.0,5136,423.0,1540,53.0,1250,84.0,677,26.0,1641,181.0,815,33.0,2194,149.0,82,47,23,138,78,47,9,16,24,53
2020-10-02,2274,97.0,1294,54.0,934,65.0,5245,428.0,1618,53.0,1262,84.0,691,26.0,1666,182.0,857,33.0,2235,149.0,56,70,19,109,78,12,14,25,42,41
2020-10-03,2347,97.0,1330,54.0,962,65.0,5345,428.0,1720,54.0,1286,84.0,707,26.0,1694,182.0,897,33.0,2268,149.0,73,36,28,100,102,24,16,28,40,33
2020-10-04,2432,99.0,1374,54.0,999,65.0,5541,428.0,1797,54.0,1322,84.0,724,26.0,1713,182.0,924,33.0,2305,149.0,85,44,37,196,77,36,17,19,27,37
2020-10-05,2497,100.0,1430,54.0,1044,65.0,5684,429.0,1872,54.0,1372,84.0,736,26.0,1741,182.0,974,33.0,2362,149.0,65,56,45,143,75,50,12,28,50,57
2020-10-06,2577,100.0,1469,54.0,1072,65.0,5947,430.0,1952,54.0,1436,84.0,745,26.0,1787,183.0,1018,33.0,2464,149.0,80,39,28,263,80,64,9,46,44,102
2020-10-07,2756,100.0,1493,54.0,1123,65.0,6206,431.0,2043,55.0,1494,84.0,766,26.0,1829,183.0,1105,33.0,2531,149.0,179,24,51,259,91,58,21,42,87,67
2020-10-08,2889,100.0,1543,54.0,1176,65.0,6520,436.0,2127,55.0,1599,84.0,794,26.0,1856,183.0,1139,33.0,2609,149.0,133,50,53,314,84,105,28,27,34,78
2020-10-09,3082,100.0,1580,54.0,1239,65.0,6867,440.0,2215,57.0,1677,86.0,813,26.0,1923,184.0,1193,33.0,2649,149.0,193,37,63,347,88,78,19,67,54,40
2020-10-10,3190,100.0,1643,54.0,1281,66.0,7110,441.0,2303,57.0,1778,86.0,846,26.0,1971,184.0,1249,33.0,2679,149.0,108,63,42,243,88,101,33,48,56,30
2020-10-11,3294,100.0,1684,56.0,1386,66.0,7413,449.0,2443,57.0,1801,86.0,869,26.0,2001,186.0,1279,33.0,2746,149.0,104,41,105,303,140,23,23,30,30,67
2020-10-12,3506,102.0,1735,58.0,1562,66.0,7690,449.0,2563,58.0,1852,87.0,901,26.0,2061,186.0,1350,35.0,2841,149.0,212,51,176,277,120,51,32,60,71,95
2020-10-13,3675,103.0,1833,58.0,1671,68.0,8122,452.0,2612,58.0,1931,87.0,935,26.0,2125,188.0,1425,35.0,3022,149.0,169,98,109,432,49,79,34,64,75,181
2020-10-14,3864,106.0,1934,58.0,1790,71.0,8644,456.0,2722,58.0,2061,87.0,968,26.0,2190,189.0,1492,35.0,3212,149.0,189,101,119,522,110,130,33,65,67,190
2020-10-15,4146,108.0,2145,59.0,1953,72.0,9182,462.0,2830,59.0,2222,88.0,1007,26.0,2277,189.0,1576,35.0,3402,151.0,282,211,163,538,108,161,39,87,84,190
2020-10-16,4381,108.0,2412,60.0,2163,73.0,9861,467.0,3052,60.0,2453,89.0,1038,26.0,2348,190.0,1620,35.0,3583,153.0,235,267,210,679,222,231,31,71,44,181
2020-10-17,4564,113.0,2617,62.0,2367,76.0,10478,468.0,3275,61.0,2600,91.0,1078,26.0,2395,191.0,1667,35.0,3693,153.0,183,205,204,617,223,147,40,47,47,110
2020-10-18,4739,115.0,2844,63.0,2481,77.0,11104,469.0,3370,62.0,2781,92.0,1116,26.0,2462,191.0,1710,35.0,3835,153.0,175,227,114,626,95,181,38,67,43,142
2020-10-19,4937,118.0,3035,63.0,2575,78.0,11774,470.0,3593,64.0,2969,93.0,1167,26.0,2580,192.0,1771,37.0,4007,155.0,198,191,94,670,223,188,51,118,61,172
2020-10-20,5263,120.0,3215,65.0,2812,80.0,12608,472.0,3895,64.0,3233,93.0,1242,26.0,2748,194.0,1886,37.0,4271,155.0,326,180,237,834,302,264,75,168,115,264
2020-10-21,5639,122.0,3497,67.0,3017,83.0,13336,483.0,4161,66.0,3430,95.0,1318,26.0,2874,195.0,1968,37.0,4473,157.0,376,282,205,728,266,197,76,126,82,202
2020-10-22,5926,122.0,3717,70.0,3234,85.0,14086,488.0,4387,72.0,3720,95.0,1416,26.0,2925,197.0,2031,37.0,4650,157.0,287,220,217,750,226,290,98,51,63,177
2020-10-23,6134,124.0,3984,73.0,3415,85.0,14620,501.0,4706,72.0,3892,98.0,1494,26.0,3005,197.0,2088,37.0,4763,160.0,208,267,181,534,319,172,78,80,57,113
2020-10-24,6398,124.0,4195,73.0,3650,86.0,15197,508.0,4965,75.0,4005,99.0,1515,27.0,3087,199.0,2176,37.0,4871,161.0,264,211,235,577,259,113,21,82,88,108
2020-10-25,6734,128.0,4343,74.0,3773,90.0,15618,526.0,5247,77.0,4169,104.0,1583,27.0,3137,201.0,2245,37.0,5038,167.0,336,148,123,421,282,164,68,50,69,167
2020-10-26,7237,132.0,4645,75.0,3986,92.0,16406,536.0,5469,79.0,4383,107.0,1655,27.0,3164,204.0,2307,37.0,5281,167.0,503,302,213,788,222,214,72,27,62,243
2020-10-27,7686,137.0,4856,78.0,4197,92.0,17138,553.0,5668,80.0,4619,109.0,1736,27.0,3304,206.0,2416,37.0,5505,168.0,449,211,211,732,199,236,81,140,109,224
2020-10-28,8067,140.0,5131,80.0,4367,92.0,18049,566.0,5893,82.0,4881,115.0,1846,27.0,3368,207.0,2571,37.0,5739,171.0,381,275,170,911,225,262,110,64,155,234
2020-10-29,8414,144.0,5467,85.0,4521,95.0,18603,579.0,6145,82.0,5148,116.0,1915,27.0,3467,209.0,2710,37.0,6001,171.0,347,336,154,554,252,267,69,99,139,262
2020-10-30,8682,145.0,5655,85.0,4690,100.0,19304,589.0,6390,86.0,5339,118.0,2043,28.0,3581,214.0,2794,37.0,6157,175.0,268,188,169,701,245,191,128,114,84,156
2020-10-31,9113,150.0,5860,90.0,4891,106.0,19862,607.0,6622,90.0,5528,123.0,2111,29.0,3670,217.0,2873,37.0,6328,182.0,431,205,201,558,232,189,68,89,79,171
2020-11-01,9753,156.0,6030,91.0,5050,108.0,20488,623.0,6832,95.0,5735,127.0,2213,32.0,3721,219.0,2958,45.0,6585,188.0,640,170,159,626,210,207,102,51,85,257
2020-11-02,10084,161.0,6224,93.0,5177,114.0,20986,637.0,6977,96.0,5919,129.0,2293,32.0,3837,220.0,3061,50.0,6739,189.0,331,194,127,498,145,184,80,116,103,154
2020-11-03,10446,170.0,6450,99.0,5327,116.0,21698,659.0,7175,98.0,6150,132.0,2384,35.0,4041,225.0,3160,50.0,6944,192.0,362,226,150,712,198,231,91,204,99,205
2020-11-04,10738,178.0,6736,103.0,5460,118.0,22249,670.0,7468,98.0,6371,141.0,2475,37.0,4237,227.0,3283,52.0,7178,194.0,292,286,133,551,293,221,91,196,123,234
2020-11-05,11080,183.0,6996,107.0,5622,121.0,22749,687.0,7727,100.0,6656,149.0,2633,37.0,4601,231.0,3387,52.0,7397,195.0,342,260,162,500,259,285,158,364,104,219
2020-11-06,11369,187.0,7197,108.0,5719,124.0,23171,708.0,7955,100.0,6920,150.0,2786,37.0,4963,233.0,3494,52.0,7707,199.0,289,201,97,422,228,264,153,362,107,310
2020-11-07,11659,196.0,7401,112.0,5874,126.0,23838,730.0,8047,100.0,7129,153.0,2825,38.0,5220,235.0,3588,54.0,8061,206.0,290,204,155,667,92,209,39,257,94,354
2020-11-08,12013,204.0,7620,116.0,6043,126.0,24509,761.0,8171,102.0,7326,155.0,2906,41.0,5433,239.0,3639,54.0,8490,207.0,354,219,169,671,124,197,81,213,51,429
2020-11-09,12214,212.0,7799,119.0,6207,129.0,25070,776.0,8360,106.0,7524,160.0,3016,41.0,5538,243.0,3720,57.0,8674,211.0,201,179,164,561,189,198,110,105,81,184
2020-11-10,12499,214.0,7959,125.0,6352,130.0,25664,788.0,8514,110.0,7756,165.0,3130,42.0,5727,251.0,3814,57.0,8914,220.0,285,160,145,594,154,232,114,189,94,240
2020-11-11,12701,222.0,8190,132.0,6526,135.0,26092,800.0,8656,113.0,7988,166.0,3230,44.0,5819,254.0,3876,58.0,9143,222.0,202,231,174,428,142,232,100,92,62,229
2020-11-12,12974,230.0,8334,137.0,6641,137.0,26703,817.0,8808,116.0,8152,171.0,3288,44.0,5938,262.0,3936,60.0,9376,222.0,273,144,115,611,152,164,58,119,60,233
2020-11-13,13164,240.0,8441,140.0,6745,141.0,27068,831.0,8925,116.0,8280,176.0,3363,44.0,6013,267.0,3973,61.0,9501,227.0,190,107,104,365,117,128,75,75,37,125
2020-11-14,13279,246.0,8578,144.0,6802,145.0,27388,847.0,9000,116.0,8348,178.0,3385,48.0,6080,269.0,3998,63.0,9577,233.0,115,137,57,320,75,68,22,67,25,76
2020-11-15,13370,254.0,8685,148.0,6885,150.0,27640,872.0,9078,124.0,8455,181.0,3444,50.0,6134,276.0,4020,63.0,9710,237.0,91,107,83,252,78,107,59,54,22,133
2020-11-16,13557,259.0,8785,160.0,6993,160.0,28014,904.0,9201,124.0,8619,186.0,3492,52.0,6186,279.0,4059,65.0,9866,238.0,187,100,108,374,123,164,48,52,39,156
2020-11-17,13761,265.0,8834,163.0,7068,169.0,28293,929.0,9279,125.0,8728,190.0,3531,53.0,6290,285.0,4081,68.0,10024,245.0,204,49,75,279,78,109,39,104,22,158
2020-11-18,13995,268.0,8903,166.0,7134,176.0,28545,936.0,9362,127.0,8845,193.0,3575,54.0,6398,291.0,4156,73.0,10172,254.0,234,69,66,252,83,117,44,108,75,148
2020-11-19,14134,272.0,8966,169.0,7191,178.0,28806,951.0,9424,128.0,8929,201.0,3615,54.0,6458,293.0,4170,75.0,10300,255.0,139,63,57,261,62,84,40,60,14,128
2020-11-20,14263,278.0,9054,170.0,7232,180.0,29053,964.0,9492,129.0,9042,202.0,3631,61.0,6516,300.0,4196,76.0,10407,256.0,129,88,41,247,68,113,16,58,26,107
2020-11-21,14396,282.0,9133,173.0,7291,184.0,29202,969.0,9531,130.0,9098,204.0,3650,62.0,6558,309.0,4205,79.0,10480,256.0,133,79,59,149,39,56,19,42,9,73
2020-11-22,14492,286.0,9224,180.0,7332,191.0,29436,990.0,9569,132.0,9206,206.0,3687,62.0,6585,311.0,4241,79.0,10548,256.0,96,91,41,234,38,108,37,27,36,68
2020-11-23,14671,292.0,9302,187.0,7403,194.0,29633,1000.0,9638,132.0,9285,207.0,3715,62.0,6671,315.0,4291,81.0,10640,261.0,179,78,71,197,69,79,28,86,50,92
2020-11-24,14862,298.0,9419,191.0,7473,196.0,29906,1011.0,9669,134.0,9405,213.0,3727,63.0,6748,319.0,4335,84.0,10776,264.0,191,117,70,273,31,120,12,77,44,136
2020-11-25,14971,303.0,9525,196.0,7531,199.0,30100,1026.0,9715,136.0,9483,220.0,3755,63.0,6781,320.0,4368,85.0,10860,266.0,109,106,58,194,46,78,28,33,33,84
2020-11-26,15081,304.0,9576,198.0,7576,208.0,30331,1033.0,9776,139.0,9552,222.0,3790,63.0,6815,322.0,4396,86.0,10949,267.0,110,51,45,231,61,69,35,34,28,89
2020-11-27,15160,307.0,9600,204.0,7630,215.0,30476,1043.0,9800,139.0,9603,225.0,3799,64.0,6911,322.0,4407,86.0,11049,268.0,79,24,54,145,24,51,9,96,11,100
2020-11-28,15233,312.0,9654,209.0,7659,220.0,30575,1049.0,9826,139.0,9654,225.0,3813,65.0,6952,331.0,4425,88.0,11072,270.0,73,54,29,99,26,51,14,41,18,23
2020-11-29,15287,318.0,9687,210.0,7694,220.0,30731,1057.0,9852,141.0,9710,229.0,3828,67.0,7000,331.0,4449,89.0,11130,270.0,54,33,35,156,26,56,15,48,24,58
2020-11-30,15372,328.0,9750,212.0,7721,221.0,30877,1071.0,9877,160.0,9755,236.0,3839,69.0,7034,336.0,4460,92.0,11200,278.0,85,63,27,146,25,45,11,34,11,70
2020-12-01,15506,336.0,9782,214.0,7761,228.0,31030,1084.0,9909,171.0,9835,238.0,3846,69.0,7108,340.0,4480,94.0,11285,279.0,134,32,40,153,32,80,7,74,20,85
2020-12-02,15586,346.0,9814,217.0,7795,228.0,31177,1087.0,9978,173.0,9894,241.0,3864,72.0,7138,346.0,4521,97.0,11349,281.0,80,32,34,147,69,59,18,30,41,64
2020-12-03,15676,349.0,9875,217.0,7837,232.0,31391,1096.0,10013,179.0,9951,245.0,3881,72.0,7202,348.0,4539,99.0,11424,285.0,90,61,42,214,35,57,17,64,18,75
2020-12-04,15740,355.0,9913,219.0,7882,233.0,31486,1107.0,10049,184.0,10002,250.0,3886,72.0,7235,351.0,4557,102.0,11484,285.0,64,38,45,95,36,51,5,33,18,60
2020-12-05,15788,365.0,9925,222.0,7896,237.0,31567,1115.0,10075,188.0,10029,252.0,3933,77.0,7251,353.0,4570,105.0,11532,288.0,48,12,14,81,26,27,47,16,13,48
2020-12-06,15854,371.0,9945,225.0,7937,240.0,31686,1122.0,10116,198.0,10062,256.0,3943,78.0,7300,357.0,4600,105.0,11612,295.0,66,20,41,119,41,33,10,49,30,80
2020-12-07,15955,376.0,9986,227.0,8011,247.0,31869,1139.0,10172,199.0,10098,259.0,3957,81.0,7336,367.0,4615,105.0,11692,305.0,101,41,74,183,56,36,14,36,15,80
2020-12-08,16046,386.0,10029,229.0,8062,249.0,32019,1151.0,10188,203.0,10121,261.0,3980,81.0,7366,367.0,4638,107.0,11756,308.0,91,43,51,150,16,23,23,30,23,64
2020-12-09,16109,388.0,10077,229.0,8121,256.0,32147,1158.0,10211,205.0,10156,262.0,4021,81.0,7402,368.0,4666,108.0,11835,311.0,63,48,59,128,23,35,41,36,28,79
2020-12-10,16177,390.0,10109,233.0,8180,259.0,32285,1164.0,10234,205.0,10200,263.0,4036,82.0,7423,373.0,4682,109.0,11902,312.0,68,32,59,138,23,44,15,21,16,67
2020-12-11,16237,393.0,10137,236.0,8241,259.0,32403,1177.0,10267,210.0,10233,263.0,4046,82.0,7448,373.0,4695,115.0,11973,313.0,60,28,61,118,33,33,10,25,13,71
2020-12-12,16275,394.0,10158,238.0,8260,260.0,32501,1184.0,10286,211.0,10258,264.0,4060,82.0,7473,374.0,4707,117.0,12011,318.0,38,21,19,98,19,25,14,25,12,38
2020-12-13,16321,396.0,10177,241.0,8310,260.0,32617,1195.0,10332,211.0,10288,266.0,4089,85.0,7494,374.0,4722,118.0,12074,318.0,46,19,50,116,46,30,29,21,15,63
2020-12-14,16385,403.0,10224,242.0,8368,262.0,32810,1209.0,10376,212.0,10313,269.0,4099,86.0,7518,375.0,4745,118.0,12149,323.0,64,47,58,193,44,25,10,24,23,75
2020-12-15,16468,403.0,10274,242.0,8442,262.0,32949,1210.0,10408,212.0,10355,270.0,4128,88.0,7565,375.0,4782,120.0,12229,323.0,83,50,74,139,32,42,29,47,37,80
2020-12-16,16530,409.0,10291,242.0,8484,263.0,33035,1218.0,10428,213.0,10375,270.0,4134,88.0,7591,378.0,4827,122.0,12307,324.0,62,17,42,86,20,20,6,26,45,78
2020-12-17,16558,410.0,10308,244.0,8493,264.0,33120,1218.0,10459,214.0,10383,271.0,4141,88.0,7596,378.0,4846,122.0,12325,326.0,28,17,9,85,31,8,7,5,19,18
2020-12-18,16576,415.0,10316,246.0,8519,266.0,33173,1224.0,10474,216.0,10385,272.0,4147,88.0,7611,384.0,4858,122.0,12351,330.0,18,8,26,53,15,2,6,15,12,26
2020-12-19,16602,417.0,10335,246.0,8539,267.0,33234,1228.0,10506,216.0,10403,273.0,4154,89.0,7618,385.0,4882,122.0,12408,335.0,26,19,20,61,32,18,7,7,24,57
2020-12-20,16661,421.0,10355,246.0,8582,268.0,33365,1240.0,10562,216.0,10413,273.0,4175,90.0,7630,386.0,4933,125.0,12465,336.0,59,20,43,131,56,10,21,12,51,57
2020-12-21,16733,423.0,10413,246.0,8636,268.0,33537,1246.0,10621,217.0,10465,276.0,4193,91.0,7670,386.0,4959,127.0,12546,339.0,72,58,54,172,59,52,18,40,26,81
2020-12-22,16779,428.0,10438,249.0,8704,269.0,33721,1253.0,10674,220.0,10493,276.0,4208,91.0,7707,387.0,5008,127.0,12630,346.0,46,25,68,184,53,28,15,37,49,84
2020-12-23,16874,433.0,10463,254.0,8767,269.0,33785,1255.0,10728,220.0,10518,278.0,4221,92.0,7739,389.0,5062,128.0,12703,348.0,95,25,63,64,54,25,13,32,54,73
2020-12-24,16902,435.0,10479,255.0,8808,270.0,33945,1257.0,10753,220.0,10528,279.0,4225,92.0,7750,392.0,5098,128.0,12727,348.0,28,16,41,160,25,10,4,11,36,24
2020-12-25,16940,436.0,10503,255.0,8854,271.0,34027,1261.0,10779,221.0,10537,279.0,4238,95.0,7763,393.0,5126,129.0,12761,350.0,38,24,46,82,26,9,13,13,28,34
2020-12-26,16970,438.0,10532,256.0,8886,274.0,34120,1266.0,10840,223.0,10555,279.0,4246,95.0,7771,395.0,5144,129.0,12801,353.0,30,29,32,93,61,18,8,8,18,40
2020-12-27,17020,444.0,10549,258.0,8930,274.0,34266,1275.0,10881,223.0,10568,279.0,4255,97.0,7786,395.0,5173,131.0,12848,359.0,50,17,44,146,41,13,9,15,29,47
2020-12-28,17091,448.0,10593,259.0,9016,276.0,34445,1281.0,10967,223.0,10615,281.0,4260,98.0,7803,395.0,5239,132.0,12914,360.0,71,44,86,179,86,47,5,17,66,66
2020-12-29,17145,449.0,10637,261.0,9116,277.0,34555,1291.0,11023,223.0,10632,284.0,4276,98.0,7810,398.0,5263,133.0,12938,362.0,54,44,100,110,56,17,16,7,24,24
2020-12-30,17195,452.0,10676,261.0,9185,277.0,34671,1294.0,11093,223.0,10648,285.0,4292,98.0,7845,400.0,5319,134.0,13000,362.0,50,39,69,116,70,16,16,35,56,62
2020-12-31,17240,457.0,10707,261.0,9224,277.0,34831,1301.0,11177,224.0,10686,285.0,4298,98.0,7861,401.0,5334,135.0,13038,362.0,45,31,39,160,84,38,6,16,15,38
2021-01-01,17298,458.0,10731,263.0,9303,279.0,34917,1311.0,11209,228.0,10703,289.0,4300,98.0,7893,402.0,5341,139.0,13080,363.0,58,24,79,86,32,17,2,32,7,42
2021-01-02,17319,461.0,10750,264.0,9315,280.0,34993,1315.0,11242,229.0,10718,291.0,4306,100.0,7902,404.0,5433,141.0,13100,364.0,21,19,12,76,33,15,6,9,92,20
2021-01-03,17361,462.0,10818,264.0,9379,281.0,35103,1318.0,11319,229.0,10729,291.0,4310,100.0,7922,405.0,5500,142.0,13144,368.0,42,68,64,110,77,11,4,20,67,44
2021-01-04,17389,463.0,10843,265.0,9434,281.0,35240,1324.0,11354,230.0,10773,291.0,4317,101.0,7938,406.0,5551,143.0,13170,370.0,28,25,55,137,35,44,7,16,51,26
2021-01-05,17447,465.0,10875,265.0,9483,281.0,35362,1328.0,11396,231.0,10798,291.0,4324,101.0,7964,406.0,5595,144.0,13211,372.0,58,32,49,122,42,25,7,26,44,41
2021-01-06,17487,468.0,10899,269.0,9541,282.0,35483,1332.0,11449,231.0,10827,293.0,4328,101.0,7991,406.0,5624,146.0,13262,373.0,40,24,58,121,53,29,4,27,29,51
2021-01-07,17527,469.0,10920,270.0,9572,284.0,35608,1337.0,11491,232.0,10873,293.0,4331,101.0,8012,406.0,5671,146.0,13292,378.0,40,21,31,125,42,46,3,21,47,30
2021-01-08,17557,471.0,10933,273.0,9635,285.0,35680,1344.0,11520,232.0,10898,296.0,4340,101.0,8049,406.0,5715,149.0,13315,381.0,30,13,63,72,29,25,9,37,44,23
2021-01-09,17587,472.0,10946,280.0,9706,287.0,35716,1352.0,11538,232.0,10908,297.0,4347,102.0,8058,408.0,5739,150.0,13338,384.0,30,13,71,36,18,10,7,9,24,23
2021-01-10,17627,476.0,10970,283.0,9738,289.0,35839,1357.0,11609,232.0,10934,297.0,4354,103.0,8107,408.0,5778,150.0,13370,387.0,40,24,32,123,71,26,7,49,39,32
2021-01-11,17668,478.0,10997,285.0,9814,291.0,35969,1360.0,11644,234.0,10991,299.0,4368,103.0,8155,408.0,5828,150.0,13395,388.0,41,27,76,130,35,57,14,48,50,25
2021-01-12,17704,479.0,11021,285.0,9864,291.0,36108,1365.0,11697,236.0,11027,301.0,4381,104.0,8175,408.0,5864,151.0,13417,391.0,36,24,50,139,53,36,13,20,36,22
2021-01-13,17742,482.0,11059,285.0,9943,295.0,36245,1369.0,11755,236.0,11071,301.0,4394,104.0,8211,413.0,5902,151.0,13456,394.0,38,38,79,137,58,44,13,36,38,39
2021-01-14,17805,483.0,11076,286.0,10000,295.0,36420,1371.0,11797,237.0,11128,301.0,4405,105.0,8242,413.0,5937,151.0,13494,394.0,63,17,57,175,42,57,11,31,35,38
2021-01-15,17835,483.0,11100,286.0,10052,296.0,36551,1380.0,11854,237.0,11149,301.0,4412,105.0,8272,413.0,5966,154.0,13535,395.0,30,24,52,131,57,21,7,30,29,41
2021-01-16,17867,483.0,11144,286.0,10100,296.0,36607,1384.0,11884,238.0,11168,302.0,4442,105.0,8295,415.0,6002,155.0,13563,395.0,32,44,48,56,30,19,30,23,36,28
2021-01-17,17901,483.0,11180,286.0,10154,297.0,36720,1385.0,11934,240.0,11219,302.0,4469,106.0,8345,416.0,6043,158.0,13609,398.0,34,36,54,113,50,51,27,50,41,46
2021-01-18,17954,488.0,11233,286.0,10204,297.0,36859,1388.0,11991,244.0,11283,303.0,4487,106.0,8398,418.0,6126,158.0,13659,399.0,53,53,50,139,57,64,18,53,83,50
2021-01-19,18002,490.0,11288,286.0,10260,298.0,37041,1402.0,12052,246.0,11331,305.0,4504,106.0,8439,420.0,6167,160.0,13704,400.0,48,55,56,182,61,48,17,41,41,45
2021-01-20,18056,491.0,11343,287.0,10342,298.0,37247,1410.0,12074,248.0,11371,305.0,4530,106.0,8485,426.0,6198,161.0,13745,403.0,54,55,82,206,22,40,26,46,31,41
2021-01-21,18095,491.0,11383,287.0,10375,298.0,37408,1414.0,12148,251.0,11420,305.0,4541,106.0,8501,426.0,6232,162.0,13798,403.0,39,40,33,161,74,49,11,16,34,53
2021-01-22,18144,491.0,11420,287.0,10419,299.0,37460,1418.0,12185,253.0,11471,305.0,4554,107.0,8533,431.0,6255,164.0,13833,403.0,49,37,44,52,37,51,13,32,23,35
2021-01-23,18193,492.0,11454,287.0,10466,299.0,37578,1421.0,12222,255.0,11490,305.0,4571,108.0,8554,431.0,6278,166.0,13867,403.0,49,34,47,118,37,19,17,21,23,34
2021-01-24,18249,492.0,11495,289.0,10529,299.0,37723,1429.0,12283,259.0,11538,308.0,4584,109.0,8583,432.0,6338,166.0,13902,405.0,56,41,63,145,61,48,13,29,60,35
2021-01-25,18303,492.0,11554,290.0,10590,299.0,37944,1439.0,12339,262.0,11650,310.0,4602,109.0,8629,434.0,6395,167.0,13978,407.0,54,59,61,221,56,112,18,46,57,76
2021-01-26,18377,495.0,11609,291.0,10648,299.0,38135,1444.0,12417,264.0,11717,310.0,4632,109.0,8684,435.0,6412,170.0,14056,407.0,74,55,58,191,78,67,30,55,17,78
2021-01-27,18451,496.0,11676,292.0,10701,300.0,38294,1446.0,12481,266.0,11822,310.0,4663,109.0,8720,435.0,6487,173.0,14100,407.0,74,67,53,159,64,105,31,36,75,44
2021-01-28,18515,501.0,11736,293.0,10761,304.0,38485,1450.0,12518,268.0,11899,314.0,4679,109.0,8763,435.0,6535,173.0,14172,409.0,64,60,60,191,37,77,16,43,48,72
2021-01-29,18585,503.0,11771,294.0,10807,304.0,38612,1453.0,12559,271.0,11969,317.0,4682,109.0,8809,435.0,6566,175.0,14226,410.0,70,35,46,127,41,70,3,46,31,54
2021-01-30,18606,506.0,11800,296.0,10862,304.0,38711,1463.0,12594,276.0,12039,320.0,4705,109.0,8859,436.0,6607,177.0,14256,411.0,21,29,55,99,35,70,23,50,41,30
2021-01-31,18666,507.0,11840,298.0,10937,307.0,38889,1469.0,12657,277.0,12073,320.0,4730,109.0,8916,436.0,6680,178.0,14322,412.0,60,40,75,178,63,34,25,57,73,66
2021-02-01,18778,507.0,11903,298.0,10998,307.0,39112,1474.0,12693,278.0,12229,320.0,4759,110.0,8974,436.0,6750,178.0,14408,412.0,112,63,61,223,36,156,29,58,70,86
2021-02-02,18829,511.0,11945,299.0,11055,308.0,39309,1478.0,12742,278.0,12327,323.0,4770,111.0,9029,436.0,6814,178.0,14511,415.0,51,42,57,197,49,98,11,55,64,103
2021-02-03,18930,513.0,12005,299.0,11112,308.0,39509,1485.0,12800,278.0,12394,324.0,4789,111.0,9097,437.0,6866,178.0,14593,417.0,101,60,57,200,58,67,19,68,52,82
2021-02-04,19020,513.0,12060,300.0,11139,310.0,39694,1494.0,12878,281.0,12493,325.0,4811,111.0,9129,438.0,6938,178.0,14658,417.0,90,55,27,185,78,99,22,32,72,65
2021-02-05,19067,515.0,12099,301.0,11187,311.0,39781,1502.0,12895,281.0,12556,325.0,4814,112.0,9172,439.0,6963,182.0,14714,417.0,47,39,48,87,17,63,3,43,25,56
2021-02-06,19125,515.0,12144,302.0,11221,311.0,39916,1508.0,12938,284.0,12591,327.0,4830,112.0,9182,439.0,7004,184.0,14741,418.0,58,45,34,135,43,35,16,10,41,27
2021-02-07,19172,519.0,12185,302.0,11271,311.0,40102,1515.0,13014,285.0,12686,330.0,4857,113.0,9207,442.0,7130,185.0,14841,420.0,47,41,50,186,76,95,27,25,126,100
2021-02-08,19254,522.0,12268,302.0,11356,311.0,40307,1519.0,13101,285.0,12838,332.0,4874,113.0,9256,443.0,7239,186.0,14928,420.0,82,83,85,205,87,152,17,49,109,87
2021-02-09,19333,523.0,12334,304.0,11419,314.0,40573,1523.0,13185,286.0,12958,335.0,4908,113.0,9285,445.0,7341,187.0,15009,422.0,79,66,63,266,84,120,34,29,102,81
2021-02-10,19427,524.0,12408,306.0,11480,316.0,40781,1530.0,13252,286.0,13115,335.0,4939,113.0,9347,445.0,7421,187.0,15128,425.0,94,74,61,208,67,157,31,62,80,119
2021-02-11,19517,525.0,12479,307.0,11539,317.0,41045,1534.0,13353,287.0,13211,338.0,4968,113.0,9400,445.0,7520,189.0,15234,427.0,90,71,59,264,101,96,29,53,99,106
2021-02-12,19621,528.0,12597,308.0,11592,317.0,41248,1538.0,13482,290.0,13329,338.0,4979,113.0,9431,447.0,7583,190.0,15315,428.0,104,118,53,203,129,118,11,31,63,81
2021-02-13,19700,529.0,12683,308.0,11652,320.0,41422,1544.0,13568,291.0,13444,341.0,5006,113.0,9457,447.0,7658,192.0,15411,431.0,79,86,60,174,86,115,27,26,75,96
2021-02-14,19766,530.0,12733,310.0,11723,323.0,41640,1551.0,13664,292.0,13558,342.0,5047,113.0,9498,448.0,7745,192.0,15484,432.0,66,50,71,218,96,114,41,41,87,73
2021-02-15,19900,532.0,12841,311.0,11814,326.0,42008,1553.0,13793,293.0,13732,343.0,5082,113.0,9566,450.0,7867,192.0,15629,434.0,134,108,91,368,129,174,35,68,122,145
2021-02-16,20006,534.0,12951,316.0,11871,328.0,42336,1560.0,13894,294.0,13909,346.0,5134,113.0,9646,450.0,7966,192.0,15773,436.0,106,110,57,328,101,177,52,80,99,144
2021-02-17,20114,535.0,13015,316.0,11953,331.0,42599,1567.0,14005,295.0,14076,349.0,5171,113.0,9702,453.0,8065,192.0,15912,438.0,108,64,82,263,111,167,37,56,99,139
2021-02-18,20199,535.0,13084,317.0,12002,333.0,42860,1571.0,14152,297.0,14201,349.0,5225,113.0,9764,454.0,8158,192.0,16035,441.0,85,69,49,261,147,125,54,62,93,123
2021-02-19,20292,538.0,13153,317.0,12052,336.0,43023,1576.0,14227,297.0,14360,353.0,5231,113.0,9810,454.0,8251,193.0,16158,443.0,93,69,50,163,75,159,6,46,93,123
2021-02-20,20423,539.0,13281,320.0,12113,336.0,43261,1580.0,14324,299.0,14515,353.0,5266,113.0,9855,456.0,8331,193.0,16246,444.0,131,128,61,238,97,155,35,45,80,88
2021-02-21,20529,543.0,13385,324.0,12192,339.0,43512,1586.0,14465,299.0,14656,357.0,5297,114.0,9912,457.0,8426,195.0,16404,447.0,106,104,79,251,141,141,31,57,95,158
2021-02-22,20639,545.0,13483,326.0,12273,339.0,43821,1592.0,14569,304.0,14813,359.0,5364,114.0,10001,460.0,8536,196.0,16518,448.0,110,98,81,309,104,157,67,89,110,114
2021-02-23,20730,549.0,13593,327.0,12342,339.0,44100,1594.0,14689,304.0,15015,359.0,5418,114.0,10054,460.0,8637,197.0,16670,451.0,91,110,69,279,120,202,54,53,101,152
2021-02-24,20831,552.0,13731,331.0,12419,339.0,44392,1598.0,14838,304.0,15182,366.0,5439,114.0,10119,463.0,8742,197.0,16848,453.0,101,138,77,292,149,167,21,65,105,178
2021-02-25,20966,552.0,13881,333.0,12482,339.0,44708,1600.0,15014,306.0,15377,367.0,5493,114.0,10168,463.0,8827,198.0,16980,455.0,135,150,63,316,176,195,54,49,85,132
2021-02-26,21115,553.0,13977,334.0,12572,339.0,44898,1606.0,15100,307.0,15496,371.0,5515,114.0,10233,466.0,8888,201.0,17102,458.0,149,96,90,190,86,119,22,65,61,122
2021-02-27,21237,555.0,14102,338.0,12619,339.0,45111,1612.0,15220,309.0,15628,373.0,5545,115.0,10262,466.0,8978,204.0,17195,458.0,122,125,47,213,120,132,30,29,90,93
2021-02-28,21364,558.0,14226,339.0,12694,339.0,45406,1617.0,15360,310.0,15772,377.0,5610,115.0,10325,467.0,9086,206.0,17347,461.0,127,124,75,295,140,144,65,63,108,152
2021-03-01,21511,559.0,14365,343.0,12789,339.0,45676,1623.0,15487,310.0,15910,379.0,5694,115.0,10367,472.0,9203,206.0,17490,463.0,147,139,95,270,127,138,84,42,117,143
2021-03-02,21615,560.0,14537,348.0,12882,340.0,46017,1628.0,15598,312.0,16057,385.0,5765,116.0,10441,472.0,9264,207.0,17620,465.0,104,172,93,341,111,147,71,74,61,130
2021-03-03,21778,560.0,14705,355.0,12940,341.0,46320,1631.0,15742,312.0,16235,389.0,5847,116.0,10485,474.0,9320,209.0,17750,466.0,163,168,58,303,144,178,82,44,56,130
2021-03-04,21957,560.0,14802,356.0,13026,348.0,46664,1631.0,15884,316.0,16361,391.0,5868,116.0,10569,476.0,9379,210.0,17917,468.0,179,97,86,344,142,126,21,84,59,167
2021-03-05,22093,561.0,14906,356.0,13115,348.0,46864,1633.0,16000,318.0,16509,396.0,6017,116.0,10599,476.0,9430,211.0,18000,468.0,136,104,89,200,116,148,149,30,51,83
2021-03-06,22292,564.0,15090,361.0,13187,348.0,47190,1639.0,16076,318.0,16672,398.0,6092,116.0,10623,476.0,9474,212.0,18084,468.0,199,184,72,326,76,163,75,24,44,84
2021-03-07,22451,565.0,15159,364.0,13300,348.0,47448,1643.0,16197,320.0,16826,405.0,6167,118.0,10685,476.0,9581,213.0,18241,469.0,159,69,113,258,121,154,75,62,107,157
2021-03-08,22592,567.0,15272,370.0,13423,348.0,47827,1645.0,16394,320.0,16963,415.0,6261,118.0,10766,476.0,9640,215.0,18430,472.0,141,113,123,379,197,137,94,81,59,189
2021-03-09,22738,569.0,15383,374.0,13509,348.0,48212,1650.0,16525,320.0,17112,421.0,6356,119.0,10827,477.0,9708,216.0,18563,477.0,146,111,86,385,131,149,95,61,68,133
2021-03-10,22901,571.0,15617,376.0,13607,349.0,48563,1653.0,16668,322.0,17253,424.0,6398,119.0,10878,480.0,9791,217.0,18767,478.0,163,234,98,351,143,141,42,51,83,204
2021-03-11,23045,574.0,15783,380.0,13678,353.0,48942,1659.0,16816,326.0,17369,427.0,6477,119.0,10925,486.0,9862,219.0,18904,482.0,144,166,71,379,148,116,79,47,71,137
2021-03-12,23149,574.0,15919,384.0,13736,353.0,49188,1663.0,16947,329.0,17492,433.0,6561,119.0,10969,486.0,9934,222.0,19046,485.0,104,136,58,246,131,123,84,44,72,142
2021-03-13,23314,576.0,16048,390.0,13802,354.0,49480,1669.0,17048,330.0,17575,438.0,6594,125.0,11000,486.0,9981,223.0,19161,488.0,165,129,66,292,101,83,33,31,47,115
2021-03-14,23420,580.0,16163,392.0,13870,354.0,49841,1675.0,17192,333.0,17680,444.0,6635,126.0,11058,486.0,10058,225.0,19283,491.0,106,115,68,361,144,105,41,58,77,122
2021-03-15,23571,581.0,16250,393.0,13958,355.0,50335,1678.0,17326,334.0,17808,445.0,6746,128.0,11119,487.0,10147,230.0,19458,495.0,151,87,88,494,134,128,111,61,89,175
2021-03-16,23722,583.0,16545,396.0,14048,355.0,50666,1685.0,17476,336.0,17969,447.0,6805,130.0,11169,487.0,10233,232.0,19612,496.0,151,295,90,331,150,161,59,50,86,154
2021-03-17,23879,584.0,16720,398.0,14141,357.0,51089,1687.0,17612,339.0,18074,448.0,6859,131.0,11219,487.0,10293,233.0,19826,502.0,157,175,93,423,136,105,54,50,60,214
2021-03-18,24030,585.0,16891,404.0,14238,358.0,51509,1692.0,17730,342.0,18170,451.0,6907,132.0,11252,488.0,10371,234.0,19982,506.0,151,171,97,420,118,96,48,33,78,156
2021-03-19,24139,588.0,16966,407.0,14318,359.0,51762,1705.0,17893,346.0,18259,454.0,6951,132.0,11305,488.0,10436,235.0,20072,509.0,109,75,80,253,163,89,44,53,65,90
2021-03-20,24246,592.0,17137,410.0,14385,360.0,52128,1710.0,17955,351.0,18376,461.0,6983,133.0,11344,488.0,10501,236.0,20226,514.0,107,171,67,366,62,117,32,39,65,154
2021-03-21,24414,595.0,17337,411.0,14519,360.0,52587,1715.0,18042,351.0,18505,464.0,7042,135.0,11403,489.0,10611,238.0,20359,516.0,168,200,134,459,87,129,59,59,110,133
2021-03-22,24578,595.0,17495,418.0,14614,361.0,53106,1725.0,18195,352.0,18639,472.0,7108,135.0,11468,490.0,10698,240.0,20549,518.0,164,158,95,519,153,134,66,65,87,190
2021-03-23,24735,596.0,17664,419.0,14714,364.0,53640,1735.0,18311,354.0,18805,473.0,7157,135.0,11546,491.0,10779,243.0,20739,522.0,157,169,100,534,116,166,49,78,81,190
2021-03-24,24870,597.0,17821,423.0,14856,365.0,54081,1738.0,18424,355.0,18942,475.0,7195,139.0,11606,491.0,10852,243.0,20916,528.0,135,157,142,441,113,137,38,60,73,177
2021-03-25,25085,598.0,17989,426.0,14962,367.0,54606,1742.0,18554,359.0,19042,478.0,7248,139.0,11663,491.0,10977,246.0,21063,534.0,215,168,106,525,130,100,53,57,125,147
2021-03-26,25197,599.0,18050,430.0,15034,367.0,54929,1745.0,18668,362.0,19102,480.0,7272,139.0,11704,491.0,11036,250.0,21178,541.0,112,61,72,323,114,60,24,41,59,115
2021-03-27,25292,600.0,18105,432.0,15104,367.0,55114,1753.0,18732,368.0,19155,484.0,7307,139.0,11717,494.0,11076,252.0,21253,547.0,95,55,70,185,64,53,35,13,40,75
2021-03-28,25416,608.0,18176,437.0,15177,369.0,55466,1760.0,18781,370.0,19197,488.0,7334,143.0,11746,496.0,11132,253.0,21367,551.0,124,71,73,352,49,42,27,29,56,114
2021-03-29,25550,609.0,18292,440.0,15247,369.0,55825,1766.0,18890,372.0,19302,491.0,7358,143.0,11782,496.0,11236,254.0,21463,555.0,134,116,70,359,109,105,24,36,104,96
2021-03-30,25667,612.0,18450,445.0,15341,370.0,56225,1772.0,18992,375.0,19453,492.0,7389,145.0,11840,497.0,11321,254.0,21576,565.0,117,158,94,400,102,151,31,58,85,113
2021-03-31,25785,612.0,18558,450.0,15417,370.0,56621,1783.0,19098,377.0,19558,495.0,7442,145.0,11880,498.0,11410,254.0,21662,570.0,118,108,76,396,106,105,53,40,89,86
2021-04-01,25914,614.0,18658,452.0,15486,373.0,56996,1790.0,19218,380.0,19658,501.0,7477,145.0,11921,498.0,11484,259.0,21841,572.0,129,100,69,375,120,100,35,41,74,179
2021-04-02,25983,618.0,18733,455.0,15541,374.0,57136,1800.0,19325,380.0,19732,505.0,7489,146.0,11954,499.0,11544,261.0,21931,576.0,69,75,55,140,107,74,12,33,60,90
2021-04-03,26094,618.0,18841,457.0,15609,376.0,57471,1812.0,19379,384.0,19802,511.0,7518,149.0,11972,499.0,11589,261.0,22027,581.0,111,108,68,335,54,70,29,18,45,96
2021-04-04,26236,622.0,18938,467.0,15685,376.0,57872,1821.0,19482,384.0,19889,513.0,7560,150.0,12001,499.0,11673,262.0,22134,586.0,142,97,76,401,103,87,42,29,84,107
2021-04-05,26375,624.0,19049,470.0,15755,378.0,58279,1829.0,19592,384.0,19989,516.0,7602,152.0,12051,500.0,11742,267.0,22242,586.0,139,111,70,407,110,100,42,50,69,108
2021-04-06,26470,626.0,19175,472.0,15874,378.0,58679,1838.0,19706,387.0,20094,520.0,7645,152.0,12097,500.0,11834,267.0,22341,586.0,95,126,119,400,114,105,43,46,92,99
2021-04-07,26574,629.0,19342,474.0,15953,379.0,59017,1842.0,19785,390.0,20187,522.0,7692,152.0,12135,501.0,11909,267.0,22471,589.0,104,167,79,338,79,93,47,38,75,130
2021-04-08,26692,630.0,19447,478.0,15990,380.0,59295,1852.0,19862,395.0,20293,522.0,7723,152.0,12166,501.0,11991,267.0,22564,596.0,118,105,37,278,77,106,31,31,82,93
2021-04-09,26772,631.0,19526,481.0,16033,380.0,59519,1868.0,19933,396.0,20345,528.0,7755,152.0,12200,504.0,12044,267.0,22667,597.0,80,79,43,224,71,52,32,34,53,103
2021-04-10,26828,634.0,19619,485.0,16077,382.0,59708,1879.0,19968,396.0,20406,529.0,7787,154.0,12224,504.0,12088,268.0,22733,600.0,56,93,44,189,35,61,32,24,44,66
2021-04-11,26926,635.0,19723,487.0,16138,386.0,59931,1890.0,20086,400.0,20481,532.0,7832,154.0,12265,505.0,12150,268.0,22842,605.0,98,104,61,223,118,75,45,41,62,109
2021-04-12,27042,638.0,19847,489.0,16203,387.0,60221,1905.0,20139,404.0,20605,532.0,7857,156.0,12340,506.0,12215,270.0,22946,608.0,116,124,65,290,53,124,25,75,65,104
2021-04-13,27152,640.0,19968,490.0,16271,388.0,60519,1913.0,20236,405.0,20690,532.0,7896,157.0,12362,507.0,12312,270.0,23012,610.0,110,121,68,298,97,85,39,22,97,66
2021-04-14,27221,644.0,20075,491.0,16329,389.0,60810,1922.0,20342,406.0,20777,533.0,7921,157.0,12395,508.0,12358,273.0,23076,615.0,69,107,58,291,106,87,25,33,46,64
2021-04-15,27305,644.0,20166,491.0,16359,391.0,61112,1932.0,20475,406.0,20861,537.0,7956,157.0,12433,508.0,12425,278.0,23167,616.0,84,91,30,302,133,84,35,38,67,91
2021-04-16,27396,648.0,20253,492.0,16411,391.0,61336,1938.0,20555,406.0,20922,541.0,7969,157.0,12460,510.0,12467,282.0,23227,617.0,91,87,52,224,80,61,13,27,42,60
2021-04-17,27467,651.0,20330,498.0,16438,391.0,61463,1951.0,20596,407.0,20996,544.0,7986,159.0,12491,512.0,12498,284.0,23253,619.0,71,77,27,127,41,74,17,31,31,26
2021-04-18,27535,652.0,20410,502.0,16480,392.0,61712,1955.0,20695,408.0,21094,559.0,8013,159.0,12538,513.0,12565,285.0,23323,622.0,68,80,42,249,99,98,27,47,67,70
2021-04-19,27662,652.0,20519,505.0,16537,393.0,62004,1968.0,20808,409.0,21218,564.0,8053,159.0,12574,513.0,12633,287.0,23409,622.0,127,109,57,292,113,124,40,36,68,86
2021-04-20,27762,653.0,20590,508.0,16586,393.0,62269,1984.0,20888,410.0,21321,566.0,8069,159.0,12618,517.0,12695,288.0,23489,623.0,100,71,49,265,80,103,16,44,62,80
2021-04-21,27887,656.0,20702,510.0,16645,394.0,62515,1991.0,20951,410.0,21401,568.0,8083,159.0,12653,517.0,12776,290.0,23569,624.0,125,112,59,246,63,80,14,35,81,80
2021-04-22,27972,657.0,20782,512.0,16690,394.0,62695,2003.0,21075,410.0,21457,568.0,8117,159.0,12674,517.0,12818,291.0,23632,625.0,85,80,45,180,124,56,34,21,42,63
2021-04-23,28026,659.0,20815,515.0,16722,396.0,62878,2012.0,21140,410.0,21527,578.0,8126,160.0,12702,517.0,12871,291.0,23675,626.0,54,33,32,183,65,70,9,28,53,43
2021-04-24,28091,661.0,20856,518.0,16743,396.0,63029,2024.0,21184,410.0,21599,582.0,8153,160.0,12721,518.0,12906,291.0,23703,628.0,65,41,21,151,44,72,27,19,35,28
2021-04-25,28162,662.0,20971,526.0,16788,397.0,63206,2037.0,21268,411.0,21650,585.0,8175,162.0,12770,518.0,12964,292.0,23775,632.0,71,115,45,177,84,51,22,49,58,72
2021-04-26,28258,668.0,21048,532.0,16830,398.0,63490,2045.0,21334,415.0,21745,588.0,8220,162.0,12803,518.0,13030,292.0,23832,636.0,96,77,42,284,66,95,45,33,66,57
2021-04-27,28308,670.0,21143,533.0,16878,398.0,63692,2049.0,21440,415.0,21826,591.0,8246,162.0,12821,518.0,13066,292.0,23885,637.0,50,95,48,202,106,81,26,18,36,53
2021-04-28,28383,672.0,21238,535.0,16904,401.0,63884,2059.0,21485,415.0,21904,592.0,8285,162.0,12866,518.0,13111,292.0,23921,640.0,75,95,26,192,45,78,39,45,45,36
2021-04-29,28440,672.0,21308,538.0,16969,402.0,64101,2062.0,21582,415.0,21971,592.0,8316,162.0,12894,518.0,13142,292.0,23971,642.0,57,70,65,217,97,67,31,28,31,50
2021-04-30,28488,673.0,21375,544.0,17009,402.0,64223,2069.0,21644,415.0,22005,596.0,8337,162.0,12929,518.0,13169,292.0,23996,643.0,48,67,40,122,62,34,21,35,27,25
2021-05-01,28524,675.0,21447,546.0,17028,402.0,64319,2079.0,21682,418.0,22041,597.0,8348,163.0,12952,518.0,13185,293.0,24016,644.0,36,72,19,96,38,36,11,23,16,20
2021-05-02,28566,680.0,21504,554.0,17051,405.0,64465,2095.0,21758,419.0,22085,598.0,8384,165.0,12972,518.0,13216,294.0,24036,645.0,42,57,23,146,76,44,36,20,31,20
2021-05-03,28623,682.0,21590,559.0,17087,406.0,64658,2101.0,21831,421.0,22155,600.0,8408,166.0,13006,518.0,13250,296.0,24080,645.0,57,86,36,193,73,70,24,34,34,44
2021-05-04,28647,682.0,21648,563.0,17109,407.0,64821,2107.0,21942,424.0,22204,602.0,8436,167.0,13030,518.0,13276,296.0,24104,645.0,24,58,22,163,111,49,28,24,26,24
2021-05-05,28682,682.0,21704,565.0,17135,408.0,64962,2117.0,22008,429.0,22250,602.0,8461,167.0,13063,518.0,13304,296.0,24139,646.0,35,56,26,141,66,46,25,33,28,35
2021-05-06,28714,682.0,21757,565.0,17152,408.0,65124,2120.0,22083,433.0,22298,603.0,8497,167.0,13078,518.0,13344,296.0,24167,646.0,32,53,17,162,75,48,36,15,40,28
2021-05-07,28731,683.0,21815,567.0,17172,408.0,65227,2124.0,22136,438.0,22351,603.0,8513,167.0,13092,518.0,13363,298.0,24196,647.0,17,58,20,103,53,53,16,14,19,29
2021-05-08,28757,684.0,21849,571.0,17179,408.0,65339,2127.0,22161,442.0,22374,604.0,8524,169.0,13105,518.0,13383,298.0,24216,649.0,26,34,7,112,25,23,11,13,20,20
2021-05-09,28778,685.0,21887,571.0,17197,408.0,65451,2135.0,22209,444.0,22408,605.0,8542,170.0,13115,518.0,13406,301.0,24235,649.0,21,38,18,112,48,34,18,10,23,19
2021-05-10,28810,685.0,21943,573.0,17218,409.0,65656,2138.0,22271,448.0,22477,606.0,8591,170.0,13131,518.0,13430,303.0,24260,650.0,32,56,21,205,62,69,49,16,24,25
2021-05-11,28832,685.0,21994,574.0,17233,409.0,65788,2141.0,22318,452.0,22518,607.0,8613,170.0,13142,519.0,13454,304.0,24287,650.0,22,51,15,132,47,41,22,11,24,27
2021-05-12,28861,686.0,22037,575.0,17242,409.0,65915,2146.0,22355,458.0,22544,608.0,8639,170.0,13153,520.0,13481,304.0,24310,651.0,29,43,9,127,37,26,26,11,27,23
2021-05-13,28885,686.0,22076,577.0,17248,410.0,66035,2146.0,22400,460.0,22593,609.0,8662,170.0,13161,520.0,13517,306.0,24342,651.0,24,39,6,120,45,49,23,8,36,32
2021-05-14,28901,687.0,22100,577.0,17262,410.0,66104,2149.0,22440,463.0,22618,612.0,8680,170.0,13167,521.0,13536,307.0,24356,653.0,16,24,14,69,40,25,18,6,19,14
2021-05-15,28912,687.0,22132,578.0,17266,410.0,66175,2151.0,22463,466.0,22637,612.0,8697,170.0,13175,521.0,13554,308.0,24368,653.0,11,32,4,71,23,19,17,8,18,12
2021-05-16,28927,688.0,22151,578.0,17277,411.0,66257,2154.0,22491,469.0,22662,613.0,8711,170.0,13190,521.0,13576,310.0,24395,653.0,15,19,11,82,28,25,14,15,22,27
2021-05-17,28937,692.0,22187,580.0,17290,411.0,66347,2158.0,22520,470.0,22702,614.0,8745,170.0,13206,521.0,13601,312.0,24421,655.0,10,36,13,90,29,40,34,16,25,26
2021-05-18,28955,693.0,22216,583.0,17303,411.0,66421,2161.0,22592,474.0,22726,615.0,8760,171.0,13222,521.0,13621,313.0,24441,657.0,18,29,13,74,72,24,15,16,20,20
2021-05-19,28967,693.0,22247,584.0,17314,411.0,66485,2163.0,22605,476.0,22751,615.0,8782,171.0,13228,521.0,13623,316.0,24455,658.0,12,31,11,64,13,25,22,6,2,14
2021-05-20,28982,693.0,22267,584.0,17323,411.0,66575,2164.0,22639,479.0,22779,616.0,8801,171.0,13233,521.0,13649,319.0,24472,658.0,15,20,9,90,34,28,19,5,26,17
2021-05-21,28992,694.0,22289,584.0,17330,411.0,66616,2170.0,22650,481.0,22787,618.0,8812,171.0,13244,521.0,13662,319.0,24485,659.0,10,22,7,41,11,8,11,11,13,13
2021-05-22,29003,694.0,22304,584.0,17340,411.0,66669,2173.0,22663,483.0,22798,618.0,8827,171.0,13246,521.0,13684,320.0,24492,659.0,11,15,10,53,13,11,15,2,22,7
2021-05-23,29021,694.0,22323,584.0,17353,412.0,66710,2174.0,22692,484.0,22813,618.0,8837,171.0,13254,522.0,13687,320.0,24498,659.0,18,19,13,41,29,15,10,8,3,6
2021-05-24,29035,696.0,22342,584.0,17361,413.0,66764,2175.0,22703,484.0,22833,618.0,8854,172.0,13267,522.0,13711,322.0,24504,659.0,14,19,8,54,11,20,17,13,24,6
2021-05-25,29045,696.0,22353,585.0,17368,413.0,66817,2176.0,22719,484.0,22845,619.0,8860,173.0,13271,522.0,13716,323.0,24513,659.0,10,11,7,53,16,12,6,4,5,9
2021-05-26,29068,696.0,22373,585.0,17384,413.0,66855,2179.0,22729,485.0,22851,620.0,8878,174.0,13272,522.0,13728,324.0,24523,660.0,23,20,16,38,10,6,18,1,12,10
2021-05-27,29091,696.0,22391,587.0,17389,413.0,66923,2182.0,22747,486.0,22867,621.0,8897,174.0,13275,523.0,13742,325.0,24532,660.0,23,18,5,68,18,16,19,3,14,9
2021-05-28,29103,697.0,22424,588.0,17402,413.0,66957,2182.0,22753,488.0,22881,621.0,8919,176.0,13281,523.0,13750,325.0,24544,660.0,12,33,13,34,6,14,22,6,8,12
2021-05-29,29112,697.0,22436,590.0,17406,414.0,66988,2185.0,22755,488.0,22892,623.0,8929,178.0,13282,523.0,13756,326.0,24548,660.0,9,12,4,31,2,11,10,1,6,4
2021-05-30,29119,697.0,22450,590.0,17415,415.0,67027,2187.0,22769,490.0,22905,625.0,8945,179.0,13285,523.0,13762,327.0,24554,660.0,7,14,9,39,14,13,16,3,6,6
2021-05-31,29133,697.0,22468,592.0,17432,416.0,67071,2190.0,22783,492.0,22920,626.0,8972,180.0,13289,523.0,13770,327.0,24567,662.0,14,18,17,44,14,15,27,4,8,13
2021-06-01,29153,699.0,22492,593.0,17441,416.0,67099,2193.0,22791,495.0,22933,626.0,8988,180.0,13292,523.0,13784,327.0,24578,662.0,20,24,9,28,8,13,16,3,14,11
2021-06-02,29162,700.0,22510,593.0,17449,416.0,67136,2194.0,22804,497.0,22938,626.0,9010,180.0,13296,523.0,13801,328.0,24591,662.0,9,18,8,37,13,5,22,4,17,13
2021-06-03,29168,700.0,22517,594.0,17455,416.0,67177,2195.0,22818,499.0,22944,627.0,9038,180.0,13299,524.0,13808,328.0,24596,662.0,6,7,6,41,14,6,28,3,7,5
2021-06-04,29173,700.0,22525,594.0,17459,416.0,67196,2196.0,22819,501.0,22950,627.0,9062,180.0,13299,524.0,13811,328.0,24608,662.0,5,8,4,19,1,6,24,0,3,12
